,co,no2,o3,pm10,pm25,so2,date,source,Lat,Long,value
0,5.0,14.0,29.0,25.0,72.0,2.0,2020-03-02,China,32.82838484848485,111.64908181818183,2428.3636363636365
1,4.0,6.0,25.0,15.0,80.0,1.0,2020-03-03,China,32.82838484848485,111.64908181818183,2432.151515151515
2,2.0,5.0,31.0,15.0,99.0,1.0,2020-03-04,China,32.82838484848485,111.64908181818183,2435.939393939394
3,4.0,12.0,35.0,44.0,47.0,2.0,2020-03-05,China,32.82838484848485,111.64908181818183,2440.5151515151515
4,7.0,23.0,27.0,67.0,110.0,3.0,2020-03-06,China,32.82838484848485,111.64908181818183,2445.151515151515
5,6.0,10.0,39.0,43.0,168.0,2.0,2020-03-07,China,32.82838484848485,111.64908181818183,2447.5757575757575
6,9.0,13.0,22.0,,135.0,1.0,2020-03-08,China,32.82838484848485,111.64908181818183,2449.181818181818
7,7.0,12.0,29.0,28.0,171.0,1.0,2020-03-09,China,32.82838484848485,111.64908181818183,2450.3030303030305
8,3.0,8.0,32.0,30.0,129.0,1.0,2020-03-10,China,32.82838484848485,111.64908181818183,2451.121212121212
9,5.0,23.0,27.0,45.0,52.0,2.0,2020-03-11,China,32.82838484848485,111.64908181818183,2452.151515151515
10,5.0,14.0,35.0,38.0,92.0,2.0,2020-03-12,China,32.82838484848485,111.64908181818183,2452.4848484848485
11,3.0,7.0,33.0,22.0,74.0,1.0,2020-03-13,China,32.82838484848485,111.64908181818183,2452.878787878788
12,2.0,5.0,35.0,35.0,42.0,1.0,2020-03-14,China,32.82838484848485,111.64908181818183,2453.848484848485
13,2.0,5.0,38.0,32.0,36.0,1.0,2020-03-15,China,32.82838484848485,111.64908181818183,2454.6363636363635
14,4.0,10.0,33.0,60.0,34.0,1.0,2020-03-16,China,32.82838484848485,111.64908181818183,2455.5454545454545
15,5.0,18.0,42.0,55.0,87.0,2.0,2020-03-17,China,32.82838484848485,111.64908181818183,2456.3030303030305
16,6.0,18.0,35.0,108.0,100.0,2.0,2020-03-18,China,32.82838484848485,111.64908181818183,2457.6363636363635
17,2.0,4.0,38.0,47.0,119.0,1.0,2020-03-19,China,32.82838484848485,111.64908181818183,2459.2727272727275
18,4.0,17.0,35.0,60.0,39.0,2.0,2020-03-20,China,32.82838484848485,111.64908181818183,2462.121212121212
19,4.0,11.0,38.0,73.0,94.0,4.0,2020-03-21,China,32.82838484848485,111.64908181818183,2463.787878787879
20,3.0,10.0,48.0,60.0,86.0,2.0,2020-03-22,China,32.82838484848485,111.64908181818183,2467.7272727272725
21,4.0,17.0,37.0,58.0,98.0,2.0,2020-03-23,China,32.82838484848485,111.64908181818183,2469.6363636363635
22,9.0,19.0,41.0,57.0,103.0,7.0,2020-03-24,China,32.82838484848485,111.64908181818183,2472.4545454545455
23,9.0,28.0,55.0,73.0,121.0,6.0,2020-03-25,China,32.82838484848485,111.64908181818183,2474.5757575757575
24,3.0,5.0,34.0,25.0,196.0,1.0,2020-03-26,China,32.82838484848485,111.64908181818183,2478.242424242424
25,2.0,5.0,32.0,25.0,44.0,1.0,2020-03-27,China,32.82838484848485,111.64908181818183,2481.7272727272725
26,,,,,27.0,,2020-03-28,China,,,
27,3.0,5.0,28.0,25.0,30.0,1.0,2020-02-02,China,32.82838484848485,111.64908181818183,503.93939393939394
28,2.0,6.0,29.0,24.0,85.0,1.0,2020-02-03,China,32.82838484848485,111.64908181818183,597.4545454545455
29,2.0,6.0,29.0,19.0,79.0,1.0,2020-02-04,China,32.82838484848485,111.64908181818183,718.3939393939394
30,6.0,10.0,19.0,33.0,38.0,1.0,2020-02-05,China,32.82838484848485,111.64908181818183,831.5151515151515
31,10.0,10.0,17.0,31.0,87.0,2.0,2020-02-06,China,32.82838484848485,111.64908181818183,926.8787878787879
32,10.0,16.0,18.0,2.0,119.0,2.0,2020-02-07,China,32.82838484848485,111.64908181818183,1033.6363636363637
33,9.0,17.0,31.0,24.0,160.0,3.0,2020-02-08,China,32.82838484848485,111.64908181818183,1115.5757575757575
34,13.0,23.0,23.0,,127.0,1.0,2020-02-09,China,32.82838484848485,111.64908181818183,1206.939393939394
35,13.0,25.0,35.0,,193.0,2.0,2020-02-10,China,32.82838484848485,111.64908181818183,1283.4545454545455
36,23.0,28.0,41.0,,195.0,5.0,2020-02-11,China,32.82838484848485,111.64908181818183,1345.030303030303
37,23.0,27.0,50.0,,244.0,3.0,2020-02-12,China,32.82838484848485,111.64908181818183,1356.3333333333333
38,21.0,27.0,19.0,,253.0,2.0,2020-02-13,China,32.82838484848485,111.64908181818183,1815.0
39,9.0,8.0,26.0,,261.0,1.0,2020-02-14,China,32.82838484848485,111.64908181818183,2010.8484848484848
40,2.0,2.0,30.0,11.0,112.0,1.0,2020-02-15,China,32.82838484848485,111.64908181818183,2073.121212121212
41,2.0,2.0,32.0,7.0,29.0,1.0,2020-02-16,China,32.82838484848485,111.64908181818183,2136.757575757576
42,2.0,5.0,31.0,12.0,18.0,1.0,2020-02-17,China,32.82838484848485,111.64908181818183,2194.969696969697
43,3.0,17.0,29.0,21.0,27.0,1.0,2020-02-18,China,32.82838484848485,111.64908181818183,2248.818181818182
44,10.0,20.0,29.0,32.0,55.0,5.0,2020-02-19,China,32.82838484848485,111.64908181818183,2261.181818181818
45,11.0,13.0,29.0,,126.0,4.0,2020-02-20,China,32.82838484848485,111.64908181818183,2275.060606060606
46,7.0,12.0,33.0,84.0,176.0,1.0,2020-02-21,China,32.82838484848485,111.64908181818183,2289.3939393939395
47,2.0,5.0,35.0,14.0,135.0,,2020-02-22,China,32.82838484848485,111.64908181818183,2333.3636363636365
48,5.0,19.0,24.0,47.0,25.0,2.0,2020-02-23,China,32.82838484848485,111.64908181818183,2334.0
49,9.0,18.0,25.0,73.0,110.0,5.0,2020-02-24,China,32.82838484848485,111.64908181818183,2340.6363636363635
50,8.0,11.0,30.0,60.0,150.0,5.0,2020-02-25,China,32.82838484848485,111.64908181818183,2356.181818181818
51,4.0,8.0,37.0,36.0,127.0,3.0,2020-02-26,China,32.82838484848485,111.64908181818183,2368.6666666666665
52,4.0,11.0,26.0,31.0,94.0,1.0,2020-02-27,China,32.82838484848485,111.64908181818183,2381.818181818182
53,5.0,12.0,35.0,45.0,79.0,1.0,2020-02-28,China,32.82838484848485,111.64908181818183,2391.757575757576
54,12.0,15.0,11.0,,138.0,1.0,2020-02-29,China,32.82838484848485,111.64908181818183,2404.7272727272725
55,10.0,10.0,31.0,16.0,167.0,1.0,2020-03-01,China,32.82838484848485,111.64908181818183,2422.181818181818
77,9.0,18.0,31.0,51.0,158.0,4.0,2020-01-23,China,32.82838484848485,111.64908181818183,19.484848484848484
78,6.0,8.0,33.0,62.0,126.0,3.0,2020-01-24,China,32.82838484848485,111.64908181818183,27.87878787878788
79,8.0,14.0,31.0,99.0,154.0,5.0,2020-01-25,China,32.82838484848485,111.64908181818183,42.60606060606061
80,16.0,21.0,31.0,108.0,206.0,7.0,2020-01-26,China,32.82838484848485,111.64908181818183,62.878787878787875
81,19.0,21.0,33.0,,231.0,8.0,2020-01-27,China,32.82838484848485,111.64908181818183,87.18181818181819
82,20.0,21.0,48.0,,235.0,8.0,2020-01-28,China,32.82838484848485,111.64908181818183,166.93939393939394
83,12.0,17.0,34.0,38.0,245.0,5.0,2020-01-29,China,32.82838484848485,111.64908181818183,184.45454545454547
84,8.0,15.0,35.0,50.0,154.0,3.0,2020-01-30,China,32.82838484848485,111.64908181818183,246.6969696969697
85,9.0,17.0,33.0,41.0,133.0,3.0,2020-01-31,China,32.82838484848485,111.64908181818183,297.030303030303
86,3.0,4.0,32.0,14.0,120.0,1.0,2020-02-01,China,32.82838484848485,111.64908181818183,360.3333333333333
2272,,26.0,21.0,9.0,,,2020-03-02,Germany,51.0,9.0,159.0
2273,,27.0,13.0,16.0,,,2020-03-03,Germany,51.0,9.0,196.0
2274,,29.0,20.0,15.0,,,2020-03-04,Germany,51.0,9.0,262.0
2275,,25.0,24.0,27.0,,,2020-03-05,Germany,51.0,9.0,482.0
2276,,26.0,20.0,28.0,,,2020-03-06,Germany,51.0,9.0,670.0
2277,,19.0,20.0,23.0,,,2020-03-07,Germany,51.0,9.0,799.0
2278,,20.0,20.0,28.0,,,2020-03-08,Germany,51.0,9.0,1040.0
2279,,29.0,16.0,25.0,,,2020-03-09,Germany,51.0,9.0,1176.0
2280,,20.0,17.0,22.0,,,2020-03-10,Germany,51.0,9.0,1457.0
2281,,21.0,24.0,14.0,,,2020-03-11,Germany,51.0,9.0,1908.0
2282,,18.0,27.0,15.0,,,2020-03-12,Germany,51.0,9.0,2078.0
2283,,18.0,26.0,13.0,,,2020-03-13,Germany,51.0,9.0,3675.0
2284,,24.0,29.0,13.0,,,2020-03-14,Germany,51.0,9.0,4585.0
2285,,14.0,30.0,20.0,,,2020-03-15,Germany,51.0,9.0,5795.0
2286,,33.0,26.0,15.0,,,2020-03-16,Germany,51.0,9.0,7272.0
2287,,32.0,24.0,36.0,,,2020-03-17,Germany,51.0,9.0,9257.0
2288,,27.0,28.0,34.0,,,2020-03-18,Germany,51.0,9.0,12327.0
2289,,21.0,22.0,34.0,,,2020-03-19,Germany,51.0,9.0,15320.0
2290,,16.0,26.0,29.0,,,2020-03-20,Germany,51.0,9.0,19848.0
2291,,9.0,29.0,19.0,,,2020-03-21,Germany,51.0,9.0,22213.0
2292,,10.0,31.0,10.0,,,2020-03-22,Germany,51.0,9.0,24873.0
2293,,22.0,30.0,10.0,,,2020-03-23,Germany,51.0,9.0,29056.0
2294,,24.0,35.0,20.0,,,2020-03-24,Germany,51.0,9.0,32986.0
2295,,22.0,38.0,30.0,,,2020-03-25,Germany,51.0,9.0,37323.0
2296,,16.0,37.0,36.0,,,2020-03-26,Germany,51.0,9.0,43938.0
2297,,15.0,24.0,40.0,,,2020-03-27,Germany,51.0,9.0,50871.0
2298,,,,48.0,,,2020-03-28,Germany,,,
2299,,16.0,25.0,9.0,,,2020-02-02,Germany,51.0,9.0,10.0
2300,,25.0,18.0,13.0,,,2020-02-03,Germany,51.0,9.0,12.0
2301,,21.0,21.0,12.0,,,2020-02-04,Germany,51.0,9.0,12.0
2302,,20.0,20.0,13.0,,,2020-02-05,Germany,51.0,9.0,12.0
2303,,24.0,13.0,12.0,,,2020-02-06,Germany,51.0,9.0,12.0
2304,,28.0,12.0,19.0,,,2020-02-07,Germany,51.0,9.0,13.0
2305,,22.0,16.0,26.0,,,2020-02-08,Germany,51.0,9.0,13.0
2306,,12.0,25.0,27.0,,,2020-02-09,Germany,51.0,9.0,14.0
2307,,19.0,27.0,21.0,,,2020-02-10,Germany,51.0,9.0,14.0
2308,,16.0,26.0,10.0,,,2020-02-11,Germany,51.0,9.0,16.0
2309,,17.0,25.0,16.0,,,2020-02-12,Germany,51.0,9.0,16.0
2310,,23.0,20.0,17.0,,,2020-02-13,Germany,51.0,9.0,16.0
2311,,27.0,9.0,20.0,,,2020-02-14,Germany,51.0,9.0,16.0
2312,,22.0,16.0,27.0,,,2020-02-15,Germany,51.0,9.0,16.0
2313,,12.0,22.0,23.0,,,2020-02-16,Germany,51.0,9.0,16.0
2314,,17.0,32.0,10.0,,,2020-02-17,Germany,51.0,9.0,16.0
2315,,20.0,24.0,52.0,,,2020-02-18,Germany,51.0,9.0,16.0
2316,,20.0,22.0,27.0,,,2020-02-19,Germany,51.0,9.0,16.0
2317,,22.0,17.0,13.0,,,2020-02-20,Germany,51.0,9.0,16.0
2318,,20.0,24.0,19.0,,,2020-02-21,Germany,51.0,9.0,16.0
2319,,14.0,27.0,14.0,,,2020-02-22,Germany,51.0,9.0,16.0
2320,,15.0,28.0,11.0,,,2020-02-23,Germany,51.0,9.0,16.0
2321,,20.0,24.0,9.0,,,2020-02-24,Germany,51.0,9.0,16.0
2322,,23.0,24.0,14.0,,,2020-02-25,Germany,51.0,9.0,17.0
2323,,26.0,20.0,12.0,,,2020-02-26,Germany,51.0,9.0,27.0
2324,,28.0,20.0,15.0,,,2020-02-27,Germany,51.0,9.0,46.0
2325,,26.0,22.0,21.0,,,2020-02-28,Germany,51.0,9.0,48.0
2326,,16.0,24.0,19.0,,,2020-02-29,Germany,51.0,9.0,79.0
2327,,15.0,27.0,21.0,,,2020-03-01,Germany,51.0,9.0,130.0
2349,,32.0,13.0,25.0,,,2020-01-23,Germany,51.0,9.0,0.0
2350,,26.0,5.0,29.0,,,2020-01-24,Germany,51.0,9.0,0.0
2351,,19.0,8.0,38.0,,,2020-01-25,Germany,51.0,9.0,0.0
2352,,16.0,10.0,23.0,,,2020-01-26,Germany,51.0,9.0,0.0
2353,,25.0,10.0,26.0,,,2020-01-27,Germany,51.0,9.0,1.0
2354,,21.0,22.0,37.0,,,2020-01-28,Germany,51.0,9.0,4.0
2355,,18.0,22.0,14.0,,,2020-01-29,Germany,51.0,9.0,4.0
2356,,24.0,21.0,14.0,,,2020-01-30,Germany,51.0,9.0,4.0
2357,,25.0,19.0,16.0,,,2020-01-31,Germany,51.0,9.0,5.0
2358,,20.0,18.0,17.0,,,2020-02-01,Germany,51.0,9.0,8.0
4308,6.0,32.0,25.0,13.0,35.0,3.0,2020-03-02,United Kingdom,37.641557142857145,-31.98494285714286,5.714285714285714
4309,9.0,40.0,10.0,26.0,34.0,5.0,2020-03-03,United Kingdom,37.641557142857145,-31.98494285714286,7.285714285714286
4310,8.0,42.0,21.0,22.0,54.0,4.0,2020-03-04,United Kingdom,37.641557142857145,-31.98494285714286,12.285714285714286
4311,3.0,26.0,24.0,20.0,52.0,5.0,2020-03-05,United Kingdom,37.641557142857145,-31.98494285714286,16.571428571428573
4312,6.0,36.0,26.0,28.0,59.0,4.0,2020-03-06,United Kingdom,37.641557142857145,-31.98494285714286,23.428571428571427
4313,6.0,37.0,29.0,29.0,63.0,3.0,2020-03-07,United Kingdom,37.641557142857145,-31.98494285714286,29.571428571428573
4314,4.0,29.0,33.0,16.0,61.0,4.0,2020-03-08,United Kingdom,37.641557142857145,-31.98494285714286,39.142857142857146
4315,6.0,37.0,28.0,17.0,42.0,4.0,2020-03-09,United Kingdom,37.641557142857145,-31.98494285714286,46.0
4316,3.0,30.0,27.0,10.0,39.0,4.0,2020-03-10,United Kingdom,37.641557142857145,-31.98494285714286,54.857142857142854
4317,4.0,39.0,32.0,14.0,35.0,4.0,2020-03-11,United Kingdom,37.641557142857145,-31.98494285714286,65.57142857142857
4318,6.0,35.0,30.0,19.0,30.0,4.0,2020-03-12,United Kingdom,37.641557142857145,-31.98494285714286,65.57142857142857
4319,6.0,33.0,27.0,18.0,43.0,2.0,2020-03-13,United Kingdom,37.641557142857145,-31.98494285714286,114.57142857142857
4320,4.0,21.0,28.0,13.0,45.0,2.0,2020-03-14,United Kingdom,37.641557142857145,-31.98494285714286,163.42857142857142
4321,3.0,12.0,23.0,10.0,29.0,1.0,2020-03-15,United Kingdom,37.641557142857145,-31.98494285714286,163.57142857142858
4322,6.0,21.0,16.0,14.0,23.0,2.0,2020-03-16,United Kingdom,37.641557142857145,-31.98494285714286,221.57142857142858
4323,4.0,15.0,17.0,15.0,38.0,2.0,2020-03-17,United Kingdom,37.641557142857145,-31.98494285714286,280.0
4324,3.0,16.0,24.0,19.0,31.0,3.0,2020-03-18,United Kingdom,37.641557142857145,-31.98494285714286,377.42857142857144
4325,3.0,22.0,23.0,22.0,41.0,3.0,2020-03-19,United Kingdom,37.641557142857145,-31.98494285714286,388.0
4326,3.0,17.0,27.0,17.0,57.0,3.0,2020-03-20,United Kingdom,37.641557142857145,-31.98494285714286,573.4285714285714
4327,5.0,16.0,28.0,19.0,35.0,3.0,2020-03-21,United Kingdom,37.641557142857145,-31.98494285714286,723.8571428571429
4328,5.0,15.0,27.0,20.0,41.0,3.0,2020-03-22,United Kingdom,37.641557142857145,-31.98494285714286,820.7142857142857
4329,7.0,31.0,22.0,26.0,54.0,4.0,2020-03-23,United Kingdom,37.641557142857145,-31.98494285714286,960.8571428571429
4330,6.0,28.0,34.0,25.0,59.0,4.0,2020-03-24,United Kingdom,37.641557142857145,-31.98494285714286,1166.2857142857142
4331,8.0,31.0,30.0,36.0,61.0,5.0,2020-03-25,United Kingdom,37.641557142857145,-31.98494285714286,1377.142857142857
4332,6.0,21.0,36.0,47.0,80.0,5.0,2020-03-26,United Kingdom,37.641557142857145,-31.98494285714286,1687.4285714285713
4333,5.0,17.0,28.0,50.0,100.0,5.0,2020-03-27,United Kingdom,37.641557142857145,-31.98494285714286,2106.4285714285716
4334,,,,,104.0,,2020-03-28,United Kingdom,,,
4335,7.0,29.0,28.0,22.0,49.0,5.0,2020-02-02,United Kingdom,37.641557142857145,-31.98494285714286,0.2857142857142857
4336,7.0,31.0,29.0,24.0,52.0,5.0,2020-02-03,United Kingdom,37.641557142857145,-31.98494285714286,0.2857142857142857
4337,7.0,30.0,26.0,23.0,50.0,3.0,2020-02-04,United Kingdom,37.641557142857145,-31.98494285714286,0.2857142857142857
4338,9.0,40.0,10.0,39.0,45.0,4.0,2020-02-05,United Kingdom,37.641557142857145,-31.98494285714286,0.2857142857142857
4339,7.0,42.0,8.0,42.0,72.0,4.0,2020-02-06,United Kingdom,37.641557142857145,-31.98494285714286,0.2857142857142857
4340,6.0,35.0,16.0,41.0,83.0,4.0,2020-02-07,United Kingdom,37.641557142857145,-31.98494285714286,0.42857142857142855
4341,4.0,30.0,28.0,26.0,93.0,5.0,2020-02-08,United Kingdom,37.641557142857145,-31.98494285714286,0.42857142857142855
4342,2.0,16.0,33.0,16.0,55.0,6.0,2020-02-09,United Kingdom,37.641557142857145,-31.98494285714286,0.42857142857142855
4343,5.0,34.0,30.0,18.0,44.0,7.0,2020-02-10,United Kingdom,37.641557142857145,-31.98494285714286,1.1428571428571428
4344,6.0,31.0,31.0,21.0,42.0,7.0,2020-02-11,United Kingdom,37.641557142857145,-31.98494285714286,1.1428571428571428
4345,6.0,37.0,28.0,19.0,41.0,6.0,2020-02-12,United Kingdom,37.641557142857145,-31.98494285714286,1.2857142857142858
4346,4.0,37.0,32.0,17.0,41.0,8.0,2020-02-13,United Kingdom,37.641557142857145,-31.98494285714286,1.2857142857142858
4347,5.0,39.0,28.0,28.0,47.0,6.0,2020-02-14,United Kingdom,37.641557142857145,-31.98494285714286,1.2857142857142858
4348,2.0,25.0,26.0,12.0,55.0,10.0,2020-02-15,United Kingdom,37.641557142857145,-31.98494285714286,1.2857142857142858
4349,3.0,27.0,34.0,10.0,38.0,9.0,2020-02-16,United Kingdom,37.641557142857145,-31.98494285714286,1.2857142857142858
4350,5.0,33.0,31.0,21.0,36.0,7.0,2020-02-17,United Kingdom,37.641557142857145,-31.98494285714286,1.2857142857142858
4351,5.0,34.0,29.0,18.0,45.0,6.0,2020-02-18,United Kingdom,37.641557142857145,-31.98494285714286,1.2857142857142858
4352,5.0,41.0,28.0,20.0,40.0,6.0,2020-02-19,United Kingdom,37.641557142857145,-31.98494285714286,1.2857142857142858
4353,4.0,32.0,33.0,13.0,45.0,7.0,2020-02-20,United Kingdom,37.641557142857145,-31.98494285714286,1.2857142857142858
4354,5.0,33.0,32.0,23.0,34.0,6.0,2020-02-21,United Kingdom,37.641557142857145,-31.98494285714286,1.2857142857142858
4355,3.0,26.0,32.0,22.0,44.0,6.0,2020-02-22,United Kingdom,37.641557142857145,-31.98494285714286,1.2857142857142858
4356,3.0,23.0,30.0,13.0,52.0,3.0,2020-02-23,United Kingdom,37.641557142857145,-31.98494285714286,1.2857142857142858
4357,4.0,30.0,27.0,12.0,36.0,3.0,2020-02-24,United Kingdom,37.641557142857145,-31.98494285714286,1.8571428571428572
4358,6.0,38.0,28.0,17.0,34.0,4.0,2020-02-25,United Kingdom,37.641557142857145,-31.98494285714286,1.8571428571428572
4359,7.0,34.0,28.0,17.0,35.0,4.0,2020-02-26,United Kingdom,37.641557142857145,-31.98494285714286,1.8571428571428572
4360,6.0,33.0,28.0,16.0,36.0,3.0,2020-02-27,United Kingdom,37.641557142857145,-31.98494285714286,2.142857142857143
4361,5.0,35.0,22.0,18.0,41.0,3.0,2020-02-28,United Kingdom,37.641557142857145,-31.98494285714286,2.857142857142857
4362,5.0,28.0,27.0,23.0,44.0,3.0,2020-02-29,United Kingdom,37.641557142857145,-31.98494285714286,3.2857142857142856
4363,7.0,29.0,29.0,15.0,46.0,3.0,2020-03-01,United Kingdom,37.641557142857145,-31.98494285714286,5.142857142857143
4385,3.0,27.0,14.0,27.0,83.0,1.0,2020-01-23,United Kingdom,37.641557142857145,-31.98494285714286,0.0
4386,4.0,36.0,10.0,27.0,68.0,3.0,2020-01-24,United Kingdom,37.641557142857145,-31.98494285714286,0.0
4387,3.0,16.0,16.0,35.0,41.0,3.0,2020-01-25,United Kingdom,37.641557142857145,-31.98494285714286,0.0
4388,4.0,15.0,21.0,27.0,80.0,4.0,2020-01-26,United Kingdom,37.641557142857145,-31.98494285714286,0.0
4389,6.0,24.0,27.0,13.0,63.0,5.0,2020-01-27,United Kingdom,37.641557142857145,-31.98494285714286,0.0
4390,10.0,37.0,31.0,16.0,44.0,6.0,2020-01-28,United Kingdom,37.641557142857145,-31.98494285714286,0.0
4391,9.0,37.0,25.0,23.0,29.0,5.0,2020-01-29,United Kingdom,37.641557142857145,-31.98494285714286,0.0
4392,7.0,31.0,26.0,15.0,40.0,5.0,2020-01-30,United Kingdom,37.641557142857145,-31.98494285714286,0.0
4393,6.0,29.0,24.0,13.0,29.0,5.0,2020-01-31,United Kingdom,37.641557142857145,-31.98494285714286,0.2857142857142857
4394,7.0,29.0,30.0,22.0,24.0,5.0,2020-02-01,United Kingdom,37.641557142857145,-31.98494285714286,0.2857142857142857
6583,5.0,15.0,17.0,22.0,38.0,,2020-03-02,US,37.0902,-95.7129,98.0
6584,4.0,22.0,25.0,28.0,31.0,1.0,2020-03-03,US,37.0902,-95.7129,118.0
6585,5.0,18.0,24.0,39.0,38.0,1.0,2020-03-04,US,37.0902,-95.7129,149.0
6586,5.0,17.0,31.0,40.0,59.0,,2020-03-05,US,37.0902,-95.7129,217.0
6587,5.0,17.0,26.0,37.0,64.0,1.0,2020-03-06,US,37.0902,-95.7129,262.0
6588,2.0,6.0,25.0,13.0,63.0,,2020-03-07,US,37.0902,-95.7129,402.0
6589,2.0,7.0,25.0,8.0,25.0,,2020-03-08,US,37.0902,-95.7129,518.0
6590,3.0,13.0,23.0,20.0,19.0,,2020-03-09,US,37.0902,-95.7129,583.0
6591,2.0,9.0,14.0,10.0,29.0,,2020-03-10,US,37.0902,-95.7129,959.0
6592,2.0,9.0,21.0,14.0,25.0,,2020-03-11,US,37.0902,-95.7129,1281.0
6593,5.0,17.0,7.0,18.0,27.0,,2020-03-12,US,37.0902,-95.7129,1663.0
6594,3.0,15.0,16.0,10.0,38.0,,2020-03-13,US,37.0902,-95.7129,2179.0
6595,3.0,12.0,24.0,11.0,31.0,,2020-03-14,US,37.0902,-95.7129,2727.0
6596,2.0,6.0,29.0,10.0,30.0,,2020-03-15,US,37.0902,-95.7129,3499.0
6597,3.0,11.0,24.0,22.0,22.0,,2020-03-16,US,37.0902,-95.7129,4632.0
6598,4.0,13.0,26.0,11.0,32.0,,2020-03-17,US,37.0902,-95.7129,6421.0
6599,4.0,13.0,28.0,17.0,24.0,,2020-03-18,US,37.0902,-95.7129,7783.0
6600,3.0,11.0,24.0,14.0,28.0,,2020-03-19,US,37.0902,-95.7129,13677.0
6601,2.0,8.0,26.0,16.0,24.0,,2020-03-20,US,37.0902,-95.7129,19100.0
6602,3.0,7.0,29.0,11.0,21.0,,2020-03-21,US,37.0902,-95.7129,25489.0
6603,3.0,7.0,27.0,11.0,26.0,,2020-03-22,US,37.0902,-95.7129,33276.0
6604,2.0,5.0,29.0,9.0,21.0,,2020-03-23,US,37.0902,-95.7129,43847.0
6605,3.0,8.0,28.0,15.0,15.0,,2020-03-24,US,37.0902,-95.7129,53740.0
6606,1.0,5.0,29.0,11.0,23.0,,2020-03-25,US,37.0902,-95.7129,65778.0
6607,1.0,7.0,28.0,11.0,17.0,,2020-03-26,US,37.0902,-95.7129,83836.0
6608,2.0,14.0,12.0,17.0,17.0,,2020-03-27,US,37.0902,-95.7129,101657.0
6609,,,,,21.0,,2020-03-28,US,,,
6610,5.0,19.0,21.0,26.0,34.0,,2020-02-02,US,37.0902,-95.7129,8.0
6611,2.0,6.0,30.0,28.0,47.0,,2020-02-03,US,37.0902,-95.7129,11.0
6612,6.0,33.0,10.0,33.0,16.0,,2020-02-04,US,37.0902,-95.7129,11.0
6613,5.0,28.0,16.0,24.0,31.0,,2020-02-05,US,37.0902,-95.7129,11.0
6614,7.0,25.0,24.0,32.0,26.0,,2020-02-06,US,37.0902,-95.7129,11.0
6615,7.0,27.0,27.0,36.0,45.0,,2020-02-07,US,37.0902,-95.7129,11.0
6616,8.0,23.0,32.0,39.0,58.0,,2020-02-08,US,37.0902,-95.7129,11.0
6617,2.0,12.0,27.0,20.0,70.0,,2020-02-09,US,37.0902,-95.7129,11.0
6618,5.0,23.0,24.0,25.0,46.0,,2020-02-10,US,37.0902,-95.7129,11.0
6619,4.0,24.0,27.0,34.0,36.0,,2020-02-11,US,37.0902,-95.7129,12.0
6620,5.0,24.0,24.0,39.0,34.0,,2020-02-12,US,37.0902,-95.7129,12.0
6621,5.0,20.0,28.0,42.0,45.0,,2020-02-13,US,37.0902,-95.7129,13.0
6622,7.0,25.0,29.0,42.0,56.0,,2020-02-14,US,37.0902,-95.7129,13.0
6623,6.0,22.0,29.0,38.0,63.0,,2020-02-15,US,37.0902,-95.7129,13.0
6624,6.0,19.0,36.0,35.0,64.0,1.0,2020-02-16,US,37.0902,-95.7129,13.0
6625,7.0,24.0,33.0,38.0,63.0,1.0,2020-02-17,US,37.0902,-95.7129,13.0
6626,5.0,20.0,28.0,41.0,70.0,,2020-02-18,US,37.0902,-95.7129,13.0
6627,4.0,15.0,29.0,43.0,71.0,,2020-02-19,US,37.0902,-95.7129,13.0
6628,6.0,26.0,30.0,39.0,77.0,,2020-02-20,US,37.0902,-95.7129,13.0
6629,5.0,24.0,31.0,32.0,64.0,,2020-02-21,US,37.0902,-95.7129,15.0
6630,1.0,6.0,26.0,16.0,47.0,,2020-02-22,US,37.0902,-95.7129,15.0
6631,3.0,10.0,27.0,23.0,32.0,,2020-02-23,US,37.0902,-95.7129,15.0
6632,6.0,17.0,26.0,34.0,41.0,1.0,2020-02-24,US,37.0902,-95.7129,51.0
6633,7.0,24.0,29.0,33.0,58.0,1.0,2020-02-25,US,37.0902,-95.7129,51.0
6634,7.0,26.0,26.0,34.0,49.0,,2020-02-26,US,37.0902,-95.7129,57.0
6635,7.0,29.0,23.0,33.0,42.0,,2020-02-27,US,37.0902,-95.7129,58.0
6636,5.0,24.0,25.0,26.0,34.0,1.0,2020-02-28,US,37.0902,-95.7129,60.0
6637,4.0,15.0,30.0,24.0,29.0,,2020-02-29,US,37.0902,-95.7129,68.0
6638,2.0,6.0,29.0,22.0,45.0,,2020-03-01,US,37.0902,-95.7129,74.0
6660,8.0,25.0,19.0,29.0,47.0,,2020-01-23,US,37.0902,-95.7129,1.0
6661,8.0,30.0,12.0,30.0,48.0,,2020-01-24,US,37.0902,-95.7129,2.0
6662,9.0,29.0,13.0,39.0,53.0,,2020-01-25,US,37.0902,-95.7129,2.0
6663,4.0,16.0,21.0,44.0,85.0,,2020-01-26,US,37.0902,-95.7129,5.0
6664,6.0,25.0,17.0,38.0,110.0,,2020-01-27,US,37.0902,-95.7129,5.0
6665,6.0,30.0,12.0,25.0,70.0,,2020-01-28,US,37.0902,-95.7129,5.0
6666,5.0,25.0,24.0,38.0,33.0,,2020-01-29,US,37.0902,-95.7129,5.0
6667,7.0,29.0,19.0,38.0,37.0,,2020-01-30,US,37.0902,-95.7129,5.0
6668,9.0,30.0,20.0,35.0,35.0,,2020-01-31,US,37.0902,-95.7129,7.0
6669,7.0,26.0,26.0,26.0,40.0,,2020-02-01,US,37.0902,-95.7129,8.0
8852,,13.0,30.0,26.0,29.0,2.0,2020-03-02,Spain,40.0,-4.0,120.0
8853,,21.0,21.0,17.0,25.0,1.0,2020-03-03,Spain,40.0,-4.0,165.0
8854,,17.0,24.0,14.0,47.0,2.0,2020-03-04,Spain,40.0,-4.0,222.0
8855,,17.0,33.0,15.0,38.0,2.0,2020-03-05,Spain,40.0,-4.0,259.0
8856,,17.0,32.0,9.0,38.0,2.0,2020-03-06,Spain,40.0,-4.0,400.0
8857,,21.0,31.0,13.0,23.0,2.0,2020-03-07,Spain,40.0,-4.0,500.0
8858,,22.0,25.0,16.0,32.0,3.0,2020-03-08,Spain,40.0,-4.0,673.0
8859,,24.0,31.0,14.0,48.0,3.0,2020-03-09,Spain,40.0,-4.0,1073.0
8860,,17.0,27.0,13.0,37.0,3.0,2020-03-10,Spain,40.0,-4.0,1695.0
8861,,28.0,20.0,32.0,36.0,3.0,2020-03-11,Spain,40.0,-4.0,2277.0
8862,,35.0,22.0,36.0,59.0,3.0,2020-03-12,Spain,40.0,-4.0,2277.0
8863,,27.0,32.0,29.0,64.0,2.0,2020-03-13,Spain,40.0,-4.0,5232.0
8864,,13.0,38.0,21.0,64.0,3.0,2020-03-14,Spain,40.0,-4.0,6391.0
8865,,11.0,33.0,20.0,60.0,2.0,2020-03-15,Spain,40.0,-4.0,7798.0
8866,,12.0,26.0,10.0,56.0,2.0,2020-03-16,Spain,40.0,-4.0,9942.0
8867,,14.0,31.0,12.0,39.0,2.0,2020-03-17,Spain,40.0,-4.0,11748.0
8868,,18.0,23.0,26.0,46.0,3.0,2020-03-18,Spain,40.0,-4.0,13910.0
8869,,14.0,33.0,27.0,59.0,1.0,2020-03-19,Spain,40.0,-4.0,17963.0
8870,,9.0,29.0,35.0,57.0,1.0,2020-03-20,Spain,40.0,-4.0,20410.0
8871,,9.0,28.0,16.0,56.0,1.0,2020-03-21,Spain,40.0,-4.0,25374.0
8872,,6.0,31.0,9.0,43.0,2.0,2020-03-22,Spain,40.0,-4.0,28768.0
8873,,14.0,28.0,9.0,29.0,2.0,2020-03-23,Spain,40.0,-4.0,35136.0
8874,,10.0,27.0,13.0,33.0,2.0,2020-03-24,Spain,40.0,-4.0,39885.0
8875,,10.0,32.0,17.0,36.0,2.0,2020-03-25,Spain,40.0,-4.0,49515.0
8876,,16.0,35.0,14.0,48.0,3.0,2020-03-26,Spain,40.0,-4.0,57786.0
8877,,6.0,32.0,15.0,43.0,1.0,2020-03-27,Spain,40.0,-4.0,65719.0
8878,,,,,51.0,,2020-03-28,Spain,,,
8879,,19.0,11.0,19.0,41.0,1.0,2020-02-02,Spain,40.0,-4.0,1.0
8880,,26.0,10.0,42.0,59.0,6.0,2020-02-03,Spain,40.0,-4.0,1.0
8881,,33.0,9.0,50.0,81.0,9.0,2020-02-04,Spain,40.0,-4.0,1.0
8882,,31.0,24.0,14.0,94.0,4.0,2020-02-05,Spain,40.0,-4.0,1.0
8883,,32.0,15.0,27.0,34.0,3.0,2020-02-06,Spain,40.0,-4.0,1.0
8884,,30.0,16.0,31.0,63.0,2.0,2020-02-07,Spain,40.0,-4.0,1.0
8885,,28.0,18.0,37.0,71.0,2.0,2020-02-08,Spain,40.0,-4.0,1.0
8886,,23.0,18.0,26.0,87.0,2.0,2020-02-09,Spain,40.0,-4.0,2.0
8887,,29.0,13.0,27.0,71.0,2.0,2020-02-10,Spain,40.0,-4.0,2.0
8888,,27.0,3.0,39.0,71.0,3.0,2020-02-11,Spain,40.0,-4.0,2.0
8889,,25.0,2.0,38.0,99.0,2.0,2020-02-12,Spain,40.0,-4.0,2.0
8890,,22.0,16.0,28.0,95.0,2.0,2020-02-13,Spain,40.0,-4.0,2.0
8891,,26.0,9.0,30.0,78.0,2.0,2020-02-14,Spain,40.0,-4.0,2.0
8892,,26.0,20.0,34.0,79.0,2.0,2020-02-15,Spain,40.0,-4.0,2.0
8893,,24.0,24.0,28.0,80.0,2.0,2020-02-16,Spain,40.0,-4.0,2.0
8894,,23.0,14.0,21.0,73.0,2.0,2020-02-17,Spain,40.0,-4.0,2.0
8895,,25.0,19.0,17.0,57.0,3.0,2020-02-18,Spain,40.0,-4.0,2.0
8896,,29.0,26.0,21.0,44.0,3.0,2020-02-19,Spain,40.0,-4.0,2.0
8897,,41.0,13.0,33.0,43.0,4.0,2020-02-20,Spain,40.0,-4.0,2.0
8898,,41.0,23.0,30.0,67.0,4.0,2020-02-21,Spain,40.0,-4.0,2.0
8899,,43.0,23.0,34.0,59.0,4.0,2020-02-22,Spain,40.0,-4.0,2.0
8900,,34.0,30.0,30.0,68.0,3.0,2020-02-23,Spain,40.0,-4.0,2.0
8901,,39.0,27.0,33.0,56.0,3.0,2020-02-24,Spain,40.0,-4.0,2.0
8902,,36.0,27.0,31.0,62.0,3.0,2020-02-25,Spain,40.0,-4.0,6.0
8903,,19.0,30.0,15.0,62.0,1.0,2020-02-26,Spain,40.0,-4.0,13.0
8904,,22.0,27.0,65.0,30.0,2.0,2020-02-27,Spain,40.0,-4.0,15.0
8905,,32.0,24.0,65.0,72.0,3.0,2020-02-28,Spain,40.0,-4.0,32.0
8906,,18.0,26.0,47.0,88.0,2.0,2020-02-29,Spain,40.0,-4.0,45.0
8907,,10.0,27.0,28.0,64.0,2.0,2020-03-01,Spain,40.0,-4.0,84.0
8929,,25.0,20.0,52.0,51.0,3.0,2020-01-23,Spain,40.0,-4.0,0.0
8930,,24.0,17.0,37.0,81.0,2.0,2020-01-24,Spain,40.0,-4.0,0.0
8931,,21.0,18.0,24.0,65.0,2.0,2020-01-25,Spain,40.0,-4.0,0.0
8932,,21.0,21.0,19.0,68.0,2.0,2020-01-26,Spain,40.0,-4.0,0.0
8933,,25.0,21.0,21.0,62.0,2.0,2020-01-27,Spain,40.0,-4.0,0.0
8934,,17.0,22.0,14.0,59.0,2.0,2020-01-28,Spain,40.0,-4.0,0.0
8935,,17.0,21.0,16.0,37.0,2.0,2020-01-29,Spain,40.0,-4.0,0.0
8936,,20.0,24.0,16.0,43.0,2.0,2020-01-30,Spain,40.0,-4.0,0.0
8937,,19.0,23.0,14.0,46.0,2.0,2020-01-31,Spain,40.0,-4.0,0.0
8938,,14.0,20.0,13.0,43.0,1.0,2020-02-01,Spain,40.0,-4.0,1.0
12822,,1.0,13.0,,,,2020-03-04,US,37.0902,-95.7129,149.0
12823,,4.0,17.0,,,,2020-03-05,US,37.0902,-95.7129,217.0
12824,,1.0,14.0,,,,2020-03-06,US,37.0902,-95.7129,262.0
12825,,2.0,16.0,,,,2020-03-07,US,37.0902,-95.7129,402.0
12826,,1.0,16.0,,,,2020-03-08,US,37.0902,-95.7129,518.0
12827,,5.0,16.0,,,,2020-03-09,US,37.0902,-95.7129,583.0
12828,,3.0,18.0,,,,2020-03-10,US,37.0902,-95.7129,959.0
12829,,1.0,15.0,,,,2020-03-11,US,37.0902,-95.7129,1281.0
12830,,1.0,15.0,,,,2020-03-12,US,37.0902,-95.7129,1663.0
12831,,,15.0,,,,2020-03-13,US,37.0902,-95.7129,2179.0
12832,,1.0,16.0,,,,2020-03-14,US,37.0902,-95.7129,2727.0
12833,,,17.0,,,,2020-03-15,US,37.0902,-95.7129,3499.0
12834,,,16.0,,,,2020-03-16,US,37.0902,-95.7129,4632.0
12835,,,18.0,,,,2020-03-17,US,37.0902,-95.7129,6421.0
12836,,2.0,15.0,,,,2020-03-18,US,37.0902,-95.7129,7783.0
12837,,,16.0,,,,2020-03-19,US,37.0902,-95.7129,13677.0
12838,,2.0,13.0,,,,2020-03-20,US,37.0902,-95.7129,19100.0
12839,,1.0,17.0,,,,2020-03-21,US,37.0902,-95.7129,25489.0
12840,,,13.0,,,,2020-03-22,US,37.0902,-95.7129,33276.0
12841,,,17.0,,,,2020-03-23,US,37.0902,-95.7129,43847.0
12842,,1.0,15.0,,,,2020-03-24,US,37.0902,-95.7129,53740.0
12843,,1.0,14.0,,,,2020-03-25,US,37.0902,-95.7129,65778.0
12844,,,15.0,,,,2020-03-26,US,37.0902,-95.7129,83836.0
12845,,1.0,14.0,,,,2020-03-27,US,37.0902,-95.7129,101657.0
12846,,1.0,11.0,,,,2020-03-28,US,,,
12847,,2.0,8.0,,,,2020-02-27,US,37.0902,-95.7129,58.0
12848,,1.0,16.0,,,,2020-02-28,US,37.0902,-95.7129,60.0
12849,,2.0,15.0,,,,2020-02-29,US,37.0902,-95.7129,68.0
13056,,4.0,,,,,2020-03-02,US,37.0902,-95.7129,98.0
13057,,3.0,,,,,2020-03-03,US,37.0902,-95.7129,118.0
13058,,2.0,,,,,2020-02-02,US,37.0902,-95.7129,8.0
13059,,2.0,,,,,2020-02-03,US,37.0902,-95.7129,11.0
13060,,4.0,,,,,2020-02-04,US,37.0902,-95.7129,11.0
13061,,3.0,,,,,2020-02-05,US,37.0902,-95.7129,11.0
13062,,2.0,,,,,2020-02-06,US,37.0902,-95.7129,11.0
13063,,5.0,,,,,2020-02-07,US,37.0902,-95.7129,11.0
13064,,1.0,,,,,2020-02-08,US,37.0902,-95.7129,11.0
13065,,3.0,,,,,2020-02-09,US,37.0902,-95.7129,11.0
13066,,3.0,,,,,2020-02-10,US,37.0902,-95.7129,11.0
13067,,4.0,,,,,2020-02-11,US,37.0902,-95.7129,12.0
13068,,5.0,,,,,2020-02-12,US,37.0902,-95.7129,12.0
13069,,1.0,,,,,2020-02-13,US,37.0902,-95.7129,13.0
13070,,2.0,,,,,2020-02-14,US,37.0902,-95.7129,13.0
13071,,2.0,,,,,2020-02-15,US,37.0902,-95.7129,13.0
13072,,2.0,,,,,2020-02-16,US,37.0902,-95.7129,13.0
13073,,4.0,,,,,2020-02-17,US,37.0902,-95.7129,13.0
13074,,2.0,,,,,2020-02-18,US,37.0902,-95.7129,13.0
13075,,5.0,,,,,2020-02-19,US,37.0902,-95.7129,13.0
13076,,3.0,,,,,2020-02-20,US,37.0902,-95.7129,13.0
13077,,4.0,,,,,2020-02-21,US,37.0902,-95.7129,15.0
13078,,3.0,,,,,2020-02-22,US,37.0902,-95.7129,15.0
13079,,6.0,,,,,2020-02-23,US,37.0902,-95.7129,15.0
13080,,5.0,,,,,2020-02-24,US,37.0902,-95.7129,51.0
13081,,5.0,,,,,2020-02-25,US,37.0902,-95.7129,51.0
13082,,3.0,,,,,2020-02-26,US,37.0902,-95.7129,57.0
13083,,2.0,,,,,2020-03-01,US,37.0902,-95.7129,74.0
13099,,4.0,,,,,2020-01-23,US,37.0902,-95.7129,1.0
13100,,7.0,,,,,2020-01-24,US,37.0902,-95.7129,2.0
13101,,1.0,,,,,2020-01-25,US,37.0902,-95.7129,2.0
13102,,2.0,,,,,2020-01-26,US,37.0902,-95.7129,5.0
13103,,2.0,,,,,2020-01-27,US,37.0902,-95.7129,5.0
13104,,4.0,,,,,2020-01-28,US,37.0902,-95.7129,5.0
13105,,4.0,,,,,2020-01-29,US,37.0902,-95.7129,5.0
13106,,7.0,,,,,2020-01-30,US,37.0902,-95.7129,5.0
13107,,6.0,,,,,2020-01-31,US,37.0902,-95.7129,7.0
13108,,5.0,,,,,2020-02-01,US,37.0902,-95.7129,8.0
13175,,28.0,,,30.0,,2020-03-02,US,37.0902,-95.7129,98.0
13176,,23.0,,,39.0,,2020-03-03,US,37.0902,-95.7129,118.0
13177,,10.0,,,37.0,,2020-03-04,US,37.0902,-95.7129,149.0
13178,,12.0,,,20.0,,2020-03-05,US,37.0902,-95.7129,217.0
13179,,19.0,,,25.0,,2020-03-06,US,37.0902,-95.7129,262.0
13180,,10.0,,,30.0,,2020-03-07,US,37.0902,-95.7129,402.0
13181,,13.0,,,24.0,,2020-03-08,US,37.0902,-95.7129,518.0
13182,,24.0,,,27.0,,2020-03-09,US,37.0902,-95.7129,583.0
13183,,22.0,,,47.0,,2020-03-10,US,37.0902,-95.7129,959.0
13184,,15.0,,,43.0,,2020-03-11,US,37.0902,-95.7129,1281.0
13185,,20.0,,,26.0,,2020-03-12,US,37.0902,-95.7129,1663.0
13186,,14.0,,,39.0,,2020-03-13,US,37.0902,-95.7129,2179.0
13187,,7.0,,,28.0,,2020-03-14,US,37.0902,-95.7129,2727.0
13188,,7.0,,,28.0,,2020-03-15,US,37.0902,-95.7129,3499.0
13189,,11.0,,,22.0,,2020-03-16,US,37.0902,-95.7129,4632.0
13190,,21.0,,,22.0,,2020-03-17,US,37.0902,-95.7129,6421.0
13191,,14.0,,,33.0,,2020-03-18,US,37.0902,-95.7129,7783.0
13192,,17.0,,,29.0,,2020-03-19,US,37.0902,-95.7129,13677.0
13193,,21.0,,,22.0,,2020-03-20,US,37.0902,-95.7129,19100.0
13194,,6.0,,,41.0,,2020-03-21,US,37.0902,-95.7129,25489.0
13195,,8.0,,,22.0,,2020-03-22,US,37.0902,-95.7129,33276.0
13196,,13.0,,,29.0,,2020-03-23,US,37.0902,-95.7129,43847.0
13197,,10.0,,,22.0,,2020-03-24,US,37.0902,-95.7129,53740.0
13198,,10.0,,,20.0,,2020-03-25,US,37.0902,-95.7129,65778.0
13199,,17.0,,,24.0,,2020-03-26,US,37.0902,-95.7129,83836.0
13200,,15.0,,,31.0,,2020-03-27,US,37.0902,-95.7129,101657.0
13201,,,,,33.0,,2020-03-28,US,,,
13202,,17.0,,,53.0,,2020-02-02,US,37.0902,-95.7129,8.0
13203,,25.0,,,46.0,,2020-02-03,US,37.0902,-95.7129,11.0
13204,,37.0,,,55.0,,2020-02-04,US,37.0902,-95.7129,11.0
13205,,26.0,,,67.0,,2020-02-05,US,37.0902,-95.7129,11.0
13206,,19.0,,,26.0,,2020-02-06,US,37.0902,-95.7129,11.0
13207,,15.0,,,29.0,,2020-02-07,US,37.0902,-95.7129,11.0
13208,,13.0,,,33.0,,2020-02-08,US,37.0902,-95.7129,11.0
13209,,,,,47.0,,2020-02-09,US,37.0902,-95.7129,11.0
13210,,,,,49.0,,2020-02-10,US,37.0902,-95.7129,11.0
13211,,,,,38.0,,2020-02-11,US,37.0902,-95.7129,12.0
13212,,,,,48.0,,2020-02-12,US,37.0902,-95.7129,12.0
13213,,,,,42.0,,2020-02-13,US,37.0902,-95.7129,13.0
13214,,,,,41.0,,2020-02-14,US,37.0902,-95.7129,13.0
13215,,,,,40.0,,2020-02-15,US,37.0902,-95.7129,13.0
13216,,,,,32.0,,2020-02-16,US,37.0902,-95.7129,13.0
13217,,,,,47.0,,2020-02-17,US,37.0902,-95.7129,13.0
13218,,,,,50.0,,2020-02-18,US,37.0902,-95.7129,13.0
13219,,11.0,,,46.0,,2020-02-19,US,37.0902,-95.7129,13.0
13220,,11.0,,,38.0,,2020-02-20,US,37.0902,-95.7129,13.0
13221,,14.0,,,32.0,,2020-02-21,US,37.0902,-95.7129,15.0
13222,,23.0,,,32.0,,2020-02-22,US,37.0902,-95.7129,15.0
13223,,,,,38.0,,2020-02-23,US,37.0902,-95.7129,15.0
13224,,29.0,,,47.0,,2020-02-24,US,37.0902,-95.7129,51.0
13225,,30.0,,,59.0,,2020-02-25,US,37.0902,-95.7129,51.0
13226,,,,,45.0,,2020-02-26,US,37.0902,-95.7129,57.0
13227,,,,,23.0,,2020-02-27,US,37.0902,-95.7129,58.0
13228,,,,,23.0,,2020-02-28,US,37.0902,-95.7129,60.0
13229,,,,,29.0,,2020-02-29,US,37.0902,-95.7129,68.0
13230,,13.0,,,26.0,,2020-03-01,US,37.0902,-95.7129,74.0
13252,,43.0,,,54.0,,2020-01-23,US,37.0902,-95.7129,1.0
13253,,43.0,,,73.0,,2020-01-24,US,37.0902,-95.7129,2.0
13254,,16.0,,,78.0,,2020-01-25,US,37.0902,-95.7129,2.0
13255,,15.0,,,36.0,,2020-01-26,US,37.0902,-95.7129,5.0
13256,,16.0,,,36.0,,2020-01-27,US,37.0902,-95.7129,5.0
13257,,11.0,,,40.0,,2020-01-28,US,37.0902,-95.7129,5.0
13258,,12.0,,,34.0,,2020-01-29,US,37.0902,-95.7129,5.0
13259,,22.0,,,32.0,,2020-01-30,US,37.0902,-95.7129,5.0
13260,,35.0,,,39.0,,2020-01-31,US,37.0902,-95.7129,7.0
13261,,30.0,,,53.0,,2020-02-01,US,37.0902,-95.7129,8.0
15442,,35.0,24.0,17.0,41.0,1.0,2020-03-02,France,4.4477199999999995,11.603509999999998,19.1
15443,,47.0,29.0,42.0,43.0,,2020-03-03,France,4.4477199999999995,11.603509999999998,20.4
15444,,36.0,20.0,28.0,53.0,,2020-03-04,France,4.4477199999999995,11.603509999999998,28.8
15445,,30.0,21.0,16.0,45.0,,2020-03-05,France,4.4477199999999995,11.603509999999998,38.0
15446,,39.0,27.0,28.0,39.0,,2020-03-06,France,4.4477199999999995,11.603509999999998,65.6
15447,,43.0,27.0,34.0,54.0,1.0,2020-03-07,France,4.4477199999999995,11.603509999999998,95.9
15448,,29.0,28.0,21.0,62.0,,2020-03-08,France,4.4477199999999995,11.603509999999998,113.6
15449,,33.0,27.0,25.0,47.0,,2020-03-09,France,4.4477199999999995,11.603509999999998,121.9
15450,,26.0,26.0,16.0,42.0,,2020-03-10,France,4.4477199999999995,11.603509999999998,179.4
15451,,23.0,25.0,22.0,28.0,,2020-03-11,France,4.4477199999999995,11.603509999999998,229.3
15452,,32.0,29.0,27.0,28.0,,2020-03-12,France,4.4477199999999995,11.603509999999998,229.3
15453,,25.0,28.0,30.0,39.0,,2020-03-13,France,4.4477199999999995,11.603509999999998,368.1
15454,,26.0,23.0,24.0,41.0,,2020-03-14,France,4.4477199999999995,11.603509999999998,449.6
15455,,27.0,29.0,26.0,49.0,,2020-03-15,France,4.4477199999999995,11.603509999999998,453.2
15456,,35.0,19.0,27.0,54.0,,2020-03-16,France,4.4477199999999995,11.603509999999998,668.3
15457,,34.0,16.0,39.0,62.0,,2020-03-17,France,4.4477199999999995,11.603509999999998,771.5
15458,,31.0,29.0,45.0,80.0,,2020-03-18,France,4.4477199999999995,11.603509999999998,912.4
15459,,25.0,31.0,34.0,98.0,,2020-03-19,France,4.4477199999999995,11.603509999999998,1097.0
15460,,16.0,16.0,42.0,76.0,,2020-03-20,France,4.4477199999999995,11.603509999999998,1275.8
15461,,13.0,22.0,16.0,99.0,,2020-03-21,France,4.4477199999999995,11.603509999999998,1446.3
15462,,11.0,30.0,15.0,45.0,,2020-03-22,France,4.4477199999999995,11.603509999999998,1624.3
15463,,18.0,32.0,18.0,44.0,,2020-03-23,France,4.4477199999999995,11.603509999999998,2012.3
15464,,24.0,35.0,20.0,44.0,,2020-03-24,France,4.4477199999999995,11.603509999999998,2262.2
15465,,23.0,34.0,28.0,47.0,,2020-03-25,France,4.4477199999999995,11.603509999999998,2560.0
15466,,20.0,37.0,27.0,64.0,,2020-03-26,France,4.4477199999999995,11.603509999999998,2955.1
15467,,18.0,17.0,29.0,62.0,,2020-03-27,France,4.4477199999999995,11.603509999999998,3340.2
15468,,,,,70.0,,2020-03-28,France,,,
15469,,27.0,22.0,15.0,36.0,,2020-02-02,France,4.4477199999999995,11.603509999999998,0.6
15470,,34.0,27.0,27.0,33.0,,2020-02-03,France,4.4477199999999995,11.603509999999998,0.6
15471,,29.0,27.0,26.0,40.0,,2020-02-04,France,4.4477199999999995,11.603509999999998,0.6
15472,,38.0,20.0,40.0,45.0,,2020-02-05,France,4.4477199999999995,11.603509999999998,0.6
15473,,41.0,15.0,44.0,57.0,,2020-02-06,France,4.4477199999999995,11.603509999999998,0.6
15474,,42.0,9.0,45.0,67.0,,2020-02-07,France,4.4477199999999995,11.603509999999998,0.6
15475,,37.0,16.0,37.0,72.0,,2020-02-08,France,4.4477199999999995,11.603509999999998,1.1
15476,,16.0,25.0,20.0,70.0,,2020-02-09,France,4.4477199999999995,11.603509999999998,1.1
15477,,22.0,29.0,28.0,37.0,,2020-02-10,France,4.4477199999999995,11.603509999999998,1.1
15478,,31.0,29.0,21.0,48.0,,2020-02-11,France,4.4477199999999995,11.603509999999998,1.1
15479,,38.0,25.0,34.0,34.0,,2020-02-12,France,4.4477199999999995,11.603509999999998,1.1
15480,,32.0,27.0,28.0,48.0,,2020-02-13,France,4.4477199999999995,11.603509999999998,1.1
15481,,40.0,25.0,41.0,46.0,,2020-02-14,France,4.4477199999999995,11.603509999999998,1.1
15482,,31.0,23.0,35.0,57.0,,2020-02-15,France,4.4477199999999995,11.603509999999998,1.2
15483,,15.0,24.0,20.0,61.0,,2020-02-16,France,4.4477199999999995,11.603509999999998,1.2
15484,,32.0,28.0,20.0,40.0,,2020-02-17,France,4.4477199999999995,11.603509999999998,1.2
15485,,31.0,25.0,27.0,34.0,,2020-02-18,France,4.4477199999999995,11.603509999999998,1.2
15486,,35.0,26.0,27.0,40.0,,2020-02-19,France,4.4477199999999995,11.603509999999998,1.2
15487,,29.0,23.0,25.0,45.0,,2020-02-20,France,4.4477199999999995,11.603509999999998,1.2
15488,,30.0,23.0,32.0,43.0,,2020-02-21,France,4.4477199999999995,11.603509999999998,1.2
15489,,27.0,22.0,28.0,45.0,,2020-02-22,France,4.4477199999999995,11.603509999999998,1.2
15490,,20.0,21.0,14.0,49.0,,2020-02-23,France,4.4477199999999995,11.603509999999998,1.2
15491,,24.0,18.0,17.0,31.0,,2020-02-24,France,4.4477199999999995,11.603509999999998,1.2
15492,,34.0,27.0,20.0,27.0,,2020-02-25,France,4.4477199999999995,11.603509999999998,1.4
15493,,35.0,26.0,22.0,34.0,,2020-02-26,France,4.4477199999999995,11.603509999999998,1.8
15494,,32.0,21.0,22.0,36.0,,2020-02-27,France,4.4477199999999995,11.603509999999998,3.8
15495,,39.0,17.0,36.0,42.0,,2020-02-28,France,4.4477199999999995,11.603509999999998,5.7
15496,,26.0,30.0,37.0,58.0,,2020-02-29,France,4.4477199999999995,11.603509999999998,10.0
15497,,29.0,28.0,16.0,53.0,,2020-03-01,France,4.4477199999999995,11.603509999999998,13.0
15519,,32.0,7.0,40.0,101.0,,2020-01-23,France,4.4477199999999995,11.603509999999998,0.0
15520,,33.0,2.0,59.0,86.0,1.0,2020-01-24,France,4.4477199999999995,11.603509999999998,0.2
15521,,39.0,1.0,68.0,128.0,1.0,2020-01-25,France,4.4477199999999995,11.603509999999998,0.3
15522,,33.0,10.0,51.0,145.0,,2020-01-26,France,4.4477199999999995,11.603509999999998,0.3
15523,,25.0,22.0,13.0,124.0,,2020-01-27,France,4.4477199999999995,11.603509999999998,0.3
15524,,28.0,29.0,13.0,46.0,,2020-01-28,France,4.4477199999999995,11.603509999999998,0.4
15525,,33.0,27.0,33.0,30.0,,2020-01-29,France,4.4477199999999995,11.603509999999998,0.5
15526,,32.0,15.0,22.0,38.0,,2020-01-30,France,4.4477199999999995,11.603509999999998,0.5
15527,,30.0,19.0,22.0,39.0,,2020-01-31,France,4.4477199999999995,11.603509999999998,0.5
15528,,28.0,24.0,18.0,28.0,,2020-02-01,France,4.4477199999999995,11.603509999999998,0.6
17591,13.0,10.0,29.0,39.0,111.0,5.0,2020-03-02,China,32.82838484848485,111.64908181818183,2428.3636363636365
17592,10.0,10.0,23.0,29.0,106.0,2.0,2020-03-03,China,32.82838484848485,111.64908181818183,2432.151515151515
17593,12.0,15.0,43.0,41.0,93.0,6.0,2020-03-04,China,32.82838484848485,111.64908181818183,2435.939393939394
17594,9.0,15.0,52.0,55.0,124.0,6.0,2020-03-05,China,32.82838484848485,111.64908181818183,2440.5151515151515
17595,9.0,12.0,34.0,49.0,155.0,9.0,2020-03-06,China,32.82838484848485,111.64908181818183,2445.151515151515
17596,12.0,14.0,44.0,44.0,146.0,6.0,2020-03-07,China,32.82838484848485,111.64908181818183,2447.5757575757575
17597,13.0,14.0,31.0,34.0,130.0,7.0,2020-03-08,China,32.82838484848485,111.64908181818183,2449.181818181818
17598,9.0,8.0,38.0,49.0,115.0,3.0,2020-03-09,China,32.82838484848485,111.64908181818183,2450.3030303030305
17599,8.0,11.0,41.0,49.0,146.0,4.0,2020-03-10,China,32.82838484848485,111.64908181818183,2451.121212121212
17600,10.0,20.0,46.0,61.0,138.0,7.0,2020-03-11,China,32.82838484848485,111.64908181818183,2452.151515151515
17601,14.0,20.0,33.0,58.0,138.0,13.0,2020-03-12,China,32.82838484848485,111.64908181818183,2452.4848484848485
17602,11.0,16.0,34.0,74.0,153.0,4.0,2020-03-13,China,32.82838484848485,111.64908181818183,2452.878787878788
17603,9.0,11.0,46.0,65.0,157.0,4.0,2020-03-14,China,32.82838484848485,111.64908181818183,2453.848484848485
17604,7.0,19.0,53.0,67.0,148.0,4.0,2020-03-15,China,32.82838484848485,111.64908181818183,2454.6363636363635
17605,11.0,23.0,42.0,68.0,107.0,8.0,2020-03-16,China,32.82838484848485,111.64908181818183,2455.5454545454545
17606,9.0,25.0,60.0,64.0,142.0,6.0,2020-03-17,China,32.82838484848485,111.64908181818183,2456.3030303030305
17607,9.0,17.0,50.0,62.0,142.0,7.0,2020-03-18,China,32.82838484848485,111.64908181818183,2457.6363636363635
17608,9.0,19.0,57.0,57.0,136.0,5.0,2020-03-19,China,32.82838484848485,111.64908181818183,2459.2727272727275
17609,9.0,18.0,63.0,76.0,113.0,10.0,2020-03-20,China,32.82838484848485,111.64908181818183,2462.121212121212
17610,14.0,20.0,37.0,62.0,111.0,9.0,2020-03-21,China,32.82838484848485,111.64908181818183,2463.787878787879
17611,11.0,10.0,47.0,70.0,139.0,5.0,2020-03-22,China,32.82838484848485,111.64908181818183,2467.7272727272725
17612,14.0,17.0,66.0,64.0,150.0,9.0,2020-03-23,China,32.82838484848485,111.64908181818183,2469.6363636363635
17613,11.0,14.0,39.0,54.0,147.0,10.0,2020-03-24,China,32.82838484848485,111.64908181818183,2472.4545454545455
17614,11.0,13.0,26.0,42.0,127.0,6.0,2020-03-25,China,32.82838484848485,111.64908181818183,2474.5757575757575
17615,13.0,13.0,36.0,52.0,111.0,6.0,2020-03-26,China,32.82838484848485,111.64908181818183,2478.242424242424
17616,7.0,6.0,23.0,17.0,99.0,3.0,2020-03-27,China,32.82838484848485,111.64908181818183,2481.7272727272725
17617,,,,,46.0,,2020-03-28,China,,,
17618,9.0,23.0,31.0,61.0,164.0,4.0,2020-02-02,China,32.82838484848485,111.64908181818183,503.93939393939394
17619,12.0,20.0,40.0,67.0,160.0,6.0,2020-02-03,China,32.82838484848485,111.64908181818183,597.4545454545455
17620,10.0,26.0,46.0,67.0,166.0,6.0,2020-02-04,China,32.82838484848485,111.64908181818183,718.3939393939394
17621,15.0,25.0,39.0,80.0,166.0,8.0,2020-02-05,China,32.82838484848485,111.64908181818183,831.5151515151515
17622,12.0,10.0,22.0,47.0,184.0,4.0,2020-02-06,China,32.82838484848485,111.64908181818183,926.8787878787879
17623,7.0,6.0,19.0,20.0,122.0,2.0,2020-02-07,China,32.82838484848485,111.64908181818183,1033.6363636363637
17624,8.0,10.0,23.0,28.0,81.0,3.0,2020-02-08,China,32.82838484848485,111.64908181818183,1115.5757575757575
17625,9.0,13.0,34.0,36.0,93.0,3.0,2020-02-09,China,32.82838484848485,111.64908181818183,1206.939393939394
17626,10.0,20.0,25.0,45.0,109.0,5.0,2020-02-10,China,32.82838484848485,111.64908181818183,1283.4545454545455
17627,11.0,10.0,24.0,36.0,141.0,4.0,2020-02-11,China,32.82838484848485,111.64908181818183,1345.030303030303
17628,11.0,15.0,23.0,34.0,113.0,5.0,2020-02-12,China,32.82838484848485,111.64908181818183,1356.3333333333333
17629,14.0,14.0,21.0,36.0,105.0,6.0,2020-02-13,China,32.82838484848485,111.64908181818183,1815.0
17630,14.0,10.0,19.0,39.0,105.0,5.0,2020-02-14,China,32.82838484848485,111.64908181818183,2010.8484848484848
17631,10.0,6.0,23.0,27.0,101.0,2.0,2020-02-15,China,32.82838484848485,111.64908181818183,2073.121212121212
17632,8.0,7.0,33.0,23.0,83.0,3.0,2020-02-16,China,32.82838484848485,111.64908181818183,2136.757575757576
17633,8.0,13.0,36.0,26.0,69.0,3.0,2020-02-17,China,32.82838484848485,111.64908181818183,2194.969696969697
17634,10.0,17.0,43.0,29.0,72.0,5.0,2020-02-18,China,32.82838484848485,111.64908181818183,2248.818181818182
17635,11.0,13.0,37.0,34.0,89.0,7.0,2020-02-19,China,32.82838484848485,111.64908181818183,2261.181818181818
17636,14.0,20.0,42.0,49.0,100.0,6.0,2020-02-20,China,32.82838484848485,111.64908181818183,2275.060606060606
17637,11.0,14.0,33.0,49.0,128.0,4.0,2020-02-21,China,32.82838484848485,111.64908181818183,2289.3939393939395
17638,13.0,14.0,42.0,53.0,140.0,6.0,2020-02-22,China,32.82838484848485,111.64908181818183,2333.3636363636365
17639,12.0,15.0,43.0,60.0,144.0,8.0,2020-02-23,China,32.82838484848485,111.64908181818183,2334.0
17640,14.0,12.0,43.0,55.0,128.0,9.0,2020-02-24,China,32.82838484848485,111.64908181818183,2340.6363636363635
17641,14.0,15.0,43.0,72.0,131.0,4.0,2020-02-25,China,32.82838484848485,111.64908181818183,2356.181818181818
17642,16.0,9.0,27.0,57.0,160.0,4.0,2020-02-26,China,32.82838484848485,111.64908181818183,2368.6666666666665
17643,13.0,12.0,26.0,46.0,147.0,5.0,2020-02-27,China,32.82838484848485,111.64908181818183,2381.818181818182
17644,13.0,9.0,17.0,17.0,123.0,3.0,2020-02-28,China,32.82838484848485,111.64908181818183,2391.757575757576
17645,14.0,11.0,36.0,20.0,66.0,4.0,2020-02-29,China,32.82838484848485,111.64908181818183,2404.7272727272725
17646,12.0,8.0,34.0,39.0,83.0,3.0,2020-03-01,China,32.82838484848485,111.64908181818183,2422.181818181818
17668,12.0,12.0,21.0,71.0,173.0,3.0,2020-01-23,China,32.82838484848485,111.64908181818183,19.484848484848484
17669,5.0,7.0,28.0,39.0,174.0,2.0,2020-01-24,China,32.82838484848485,111.64908181818183,27.87878787878788
17670,7.0,7.0,23.0,46.0,116.0,2.0,2020-01-25,China,32.82838484848485,111.64908181818183,42.60606060606061
17671,5.0,6.0,30.0,32.0,131.0,3.0,2020-01-26,China,32.82838484848485,111.64908181818183,62.878787878787875
17672,8.0,6.0,28.0,45.0,104.0,2.0,2020-01-27,China,32.82838484848485,111.64908181818183,87.18181818181819
17673,7.0,9.0,33.0,55.0,137.0,2.0,2020-01-28,China,32.82838484848485,111.64908181818183,166.93939393939394
17674,7.0,15.0,35.0,54.0,154.0,4.0,2020-01-29,China,32.82838484848485,111.64908181818183,184.45454545454547
17675,8.0,20.0,42.0,55.0,154.0,4.0,2020-01-30,China,32.82838484848485,111.64908181818183,246.6969696969697
17676,10.0,22.0,45.0,68.0,153.0,5.0,2020-01-31,China,32.82838484848485,111.64908181818183,297.030303030303
17677,11.0,23.0,40.0,63.0,168.0,6.0,2020-02-01,China,32.82838484848485,111.64908181818183,360.3333333333333
