date, pm25, o3, no2, so2, co
2019/1/2, 20, 10, 2, , 
2019/1/3, 22, 6, 3, , 
2019/1/4, 30, 4, 5, , 
2019/1/5, 31, 10, 2, , 
2019/1/6, 18, 12, 2, , 
2019/1/7, 24, 12, 2, , 
2019/1/8, 16, 11, 4, , 
2019/1/9, 22, 13, , , 
2019/1/10, 17, 11, 1, , 
2019/1/11, 21, 13, 2, , 
2019/1/12, 25, 12, 2, , 
2019/1/13, 37, 12, 2, , 
2019/1/14, 23, 11, 5, , 
2019/1/15, 41, 8, 3, , 
2019/1/16, 24, 11, 2, , 
2019/1/17, 19, 9, 3, , 
2019/1/18, 25, 8, 3, , 
2019/1/19, 26, 10, 2, , 
2019/1/20, 21, 14, 2, , 
2019/1/21, 20, 15, 1, , 
2019/1/22, 19, 14, 3, , 
2019/1/23, 22, 14, 2, , 
2019/1/24, 20, 13, 2, , 
2019/1/25, 16, 14, 1, , 
2019/1/26, 24, 14, 3, , 
2019/1/27, 23, 14, 3, , 
2019/1/28, 29, 15, 4, , 
2019/1/29, 26, 10, 2, , 
2019/1/30, 30, 15, 2, , 
2019/1/31, 20, 15, 2, , 
2019/2/1, 21, 8, 5, , 
2019/2/2, 37, 10, 3, , 
2019/2/3, 48, 14, 5, , 
2019/2/4, 45, 16, 6, , 
2019/2/5, 43, 16, 5, , 
2019/2/6, 35, 15, 7, , 
2019/2/7, 46, 8, 3, , 
2019/2/8, 37, 17, 1, , 
2019/2/9, 19, 15, 1, , 
2019/2/10, 21, 14, 2, , 
2019/2/11, 27, 11, 3, , 
2019/2/12, 30, 10, 2, , 
2019/2/13, 8, 16, 1, , 
2019/2/14, 15, 15, 2, , 
2019/2/15, 15, 16, 2, , 
2019/2/16, 29, 15, 1, , 
2019/2/17, 17, 12, 1, , 
2019/2/18, 27, 13, 1, , 
2019/2/19, 22, 16, 2, , 
2019/2/20, 28, 14, 1, , 
2019/2/21, 13, 9, 5, , 
2019/2/22, 22, 13, 3, , 
2019/2/23, 26, 15, , , 
2019/2/24, 15, 14, , , 
2019/2/25, 18, 18, , , 
2019/2/26, 17, 17, 2, , 
2019/2/27, 19, 16, 3, , 
2019/2/28, 29, 15, 2, , 
2019/3/1, 43, 14, 1, , 
2019/3/2, 20, 12, 2, , 
2019/3/3, 16, 13, 2, , 
2019/3/4, 27, 17, 1, , 
2019/3/5, 27, 16, 1, , 
2019/3/6, 18, 16, 1, , 
2019/3/7, 24, 17, 3, , 
2019/3/8, 26, 15, 3, 5, 
2019/3/9, 33, 14, 2, 11, 
2019/3/10, 35, 12, 2, 11, 
2019/3/11, 17, 15, 1, , 
2019/3/12, 17, 19, 1, , 
2019/3/13, 12, 20, 6, , 
2019/3/14, 30, 20, 2, , 
2019/3/15, 40, 15, 1, , 
2019/3/16, 34, 18, , , 
2019/3/17, 15, 19, 1, , 
2019/3/18, 17, 17, 3, , 
2019/3/19, 27, 20, 6, , 
2019/3/20, 32, 20, 6, , 
2019/3/21, 36, 16, 1, , 
2019/3/22, 25, 17, , , 
2019/3/23, 22, , , , 
2018/10/2, 43, 16, 2, , 
2018/10/3, 39, 16, 2, , 
2018/10/4, 41, 15, 3, , 
2018/10/5, 43, 7, 1, , 
2018/10/6, 40, 13, , , 
2018/10/7, 32, 17, 1, , 
2018/10/8, 40, 15, 1, , 
2018/10/9, 24, 14, , , 
2018/10/10, 24, 10, , , 
2018/10/11, 23, 8, , , 
2018/10/12, 15, 13, 1, , 
2018/10/13, 25, 12, 1, , 
2018/10/14, 24, 10, 1, , 
2018/10/15, 26, 14, 1, , 
2018/10/16, 30, 10, 1, , 
2018/10/20, 20, 9, 1, , 
2018/10/21, 27, 13, , , 
2018/10/22, 14, 11, 2, , 
2018/10/23, 20, 15, 2, , 
2018/10/24, 29, 12, 2, , 
2018/10/25, 12, 12, 4, , 
2018/10/26, 33, 10, 2, , 
2018/10/27, 40, 12, 1, , 
2018/10/28, 10, 13, 1, , 
2018/10/29, 15, 12, 1, , 
2018/10/30, 27, 14, 3, , 
2018/10/31, 26, 15, 3, , 
2018/11/1, 37, 14, 1, , 
2018/11/2, 33, 11, 1, , 
2018/11/3, 23, 12, 1, , 
2018/11/4, 21, 5, 4, , 
2018/11/5, 27, , , , 
2018/11/7, 18, 12, 2, , 
2018/11/8, 25, 11, 4, , 
2018/11/9, 23, 6, 3, , 
2018/11/10, 19, 13, , , 
2018/11/11, 21, 11, 3, , 
2018/11/12, 23, 9, 5, , 
2018/11/13, 30, 8, 2, , 
2018/11/14, 17, 10, 2, , 
2018/11/15, 31, 12, 3, , 
2018/11/16, 11, 9, 2, , 
2018/11/17, 17, 11, 3, , 
2018/11/18, 43, 10, 4, , 
2018/11/19, 47, 8, 5, , 
2018/11/20, 56, 13, 2, , 
2018/11/21, 33, 10, 1, , 
2018/11/22, 29, 13, 1, , 
2018/11/23, 29, 12, 1, , 
2018/11/24, 12, 10, 3, , 
2018/11/25, 14, 10, 2, , 
2018/11/26, 29, 7, 1, , 
2018/11/27, 25, 9, 1, , 
2018/11/28, 10, 10, 1, , 
2018/11/29, 19, 8, 3, , 
2018/11/30, 30, 4, 5, , 
2018/12/1, 50, 4, 3, , 
2018/12/2, 43, 1, 4, , 
2018/12/3, 27, 10, 2, , 
2018/12/4, 28, 9, 2, , 
2018/12/5, 18, 9, 1, , 
2018/12/6, 28, 9, 4, , 
2018/12/7, 30, 10, 5, , 
2018/12/8, 31, 11, 6, , 
2018/12/9, 31, 9, 2, , 
2018/12/10, 30, 10, 3, , 
2018/12/11, 41, 10, 7, , 
2018/12/12, 46, 7, 8, , 
2018/12/13, 47, 3, 10, , 
2018/12/14, 50, 4, 12, , 
2018/12/15, 58, 8, 6, , 
2018/12/16, 8, 8, 2, , 
2018/12/17, 11, 10, 2, , 
2018/12/18, 19, 12, 3, , 
2018/12/19, 32, 9, 7, , 
2018/12/20, 40, 9, 11, , 
2018/12/21, 27, 14, 3, , 
2018/12/22, 18, 10, 1, , 
2018/12/23, 20, 8, 2, , 
2018/12/24, 25, 11, 1, , 
2018/12/25, 30, 10, 2, , 
2018/12/26, 40, 9, 6, , 
2018/12/27, 44, 12, 6, , 
2018/12/28, 39, 9, 8, , 
2018/12/29, 17, 11, 3, , 
2018/12/30, 20, 7, 3, , 
2018/12/31, 32, , , , 
2018/7/2, 55, 25, 2, , 
2018/7/3, 51, 19, 2, , 
2018/7/4, 55, 13, 1, , 
2018/7/5, 35, 17, , , 
2018/7/6, 25, 17, 1, , 
2018/7/7, 29, 13, , , 
2018/7/8, 22, 17, 1, , 
2018/7/9, 18, 20, 2, , 
2018/7/10, 23, 26, 2, , 
2018/7/11, 41, 22, 2, , 
2018/7/12, 52, 22, 1, , 
2018/7/13, 49, 17, 1, , 
2018/7/14, 32, 23, 1, , 
2018/7/15, 28, 19, 1, , 
2018/7/16, 42, 22, 2, , 
2018/7/17, 50, 16, 2, , 
2018/7/18, 40, 18, 1, , 
2018/7/19, 22, 20, 2, , 
2018/7/20, 34, 23, 1, , 
2018/7/21, 32, 12, , , 
2018/7/22, 14, 15, 1, , 
2018/7/23, 21, 14, 2, , 
2018/7/24, 26, 11, 1, , 
2018/7/25, 17, 14, 2, , 
2018/7/26, 23, 21, 1, , 
2018/7/27, 29, 20, 2, , 
2018/7/28, 44, 16, 1, , 
2018/7/29, 30, 17, 1, , 
2018/7/30, 38, 13, , , 
2018/7/31, 21, 13, 1, , 
2018/8/1, 24, 13, , , 
2018/8/2, 27, 8, , , 
2018/8/3, 23, 8, , , 
2018/8/4, 23, 15, 1, , 
2018/8/5, 26, 19, 1, , 
2018/8/6, 38, 20, 2, , 
2018/8/7, 44, 16, 2, , 
2018/8/8, 40, 16, 2, , 
2018/8/9, 31, 17, 1, , 
2018/8/10, 35, 22, 2, , 
2018/8/11, 49, 21, 1, , 
2018/8/12, 49, 16, 1, , 
2018/8/13, 27, 18, 1, , 
2018/8/14, 23, 17, 2, , 
2018/8/15, 31, 23, 2, , 
2018/8/16, 46, 23, 2, , 
2018/8/17, 54, 19, 2, , 
2018/8/18, 59, 13, 1, , 
2018/8/19, 33, 14, 1, , 
2018/8/20, 35, 13, , , 
2018/8/21, 29, 13, 1, , 
2018/8/22, 31, 14, 1, , 
2018/8/23, 32, 15, 1, , 
2018/8/24, 37, 17, 2, , 
2018/8/25, 33, 19, 2, , 
2018/8/26, 32, 17, 1, , 
2018/8/27, 45, 26, 1, , 
2018/8/28, 74, 21, 2, , 
2018/8/29, 87, 21, 2, , 
2018/8/30, 52, 18, 2, , 
2018/8/31, 41, 25, 2, , 
2018/9/1, 27, 16, 2, , 
2018/9/2, 27, 21, 1, , 
2018/9/3, 29, 19, 1, , 
2018/9/4, 36, 15, 1, , 
2018/9/5, 38, 19, 2, , 
2018/9/6, 41, 21, 2, , 
2018/9/7, 39, 23, 2, , 
2018/9/8, 41, 12, 1, , 
2018/9/9, 23, 9, 1, , 
2018/9/10, 8, 12, 1, , 
2018/9/11, 27, 20, 1, , 
2018/9/12, 27, 7, 1, , 
2018/9/13, 25, 6, 1, , 
2018/9/14, 16, 6, , , 
2018/9/15, 14, 7, , , 
2018/9/16, 18, 11, , , 
2018/9/17, 20, 9, , , 
2018/9/18, 21, 8, 2, , 
2018/9/19, 25, 20, 2, , 
2018/9/20, 54, 18, 2, , 
2018/9/21, 54, 14, 1, , 
2018/9/22, 24, 16, 1, , 
2018/9/23, 35, 9, , , 
2018/9/24, 8, 10, , , 
2018/9/25, 5, 17, 1, , 
2018/9/26, 28, 15, 2, , 
2018/9/27, 25, 7, 1, , 
2018/9/28, 17, 11, 2, , 
2018/9/29, 13, 15, 1, , 
2018/9/30, 30, 17, 2, , 
2018/10/1, 43, 17, 1, , 
2018/4/2, 31, 16, , , 
2018/4/3, 27, 15, , , 
2018/4/4, 27, 19, , , 
2018/4/5, 26, 19, , , 
2018/4/6, 23, 18, , , 
2018/4/7, 39, , , , 
2018/4/9, 24, 19, , , 
2018/4/10, 33, 19, , , 
2018/4/11, 38, 20, , , 
2018/4/12, 41, 22, , , 
2018/4/13, 47, 23, , , 
2018/4/14, 46, 20, , , 
2018/4/15, 41, 13, , , 
2018/4/16, 22, 17, , , 
2018/4/17, 9, 18, , , 
2018/4/18, 12, 14, , , 
2018/4/19, 25, , , , 
2018/4/20, 22, 20, , , 
2018/4/21, 22, 22, , , 
2018/4/22, 21, 22, , , 
2018/4/23, 23, 23, , , 
2018/4/24, 22, 19, , , 
2018/4/25, 14, 13, , , 
2018/4/26, 11, 20, , , 
2018/4/27, 22, 18, , , 
2018/4/28, 24, 23, , , 
2018/4/29, 33, 19, , , 
2018/4/30, 22, 21, , , 
2018/5/1, 22, 24, , , 
2018/5/2, 33, 25, , , 
2018/5/3, 43, 23, , , 
2018/5/4, 50, 22, , , 
2018/5/5, 45, 18, , , 
2018/5/6, 26, 18, , , 
2018/5/7, 37, 19, , , 
2018/5/8, 31, 21, , , 
2018/5/9, 26, 22, , , 
2018/5/10, 24, 20, , , 
2018/5/11, 37, 24, , , 
2018/5/12, 44, 24, , , 
2018/5/13, 52, 22, , , 
2018/5/14, 41, 26, , , 
2018/5/15, 43, 14, 2, , 
2018/5/16, 27, 10, 1, , 
2018/5/17, 24, 11, 1, , 
2018/5/18, 20, 10, 1, , 
2018/5/19, 12, 8, , , 
2018/5/20, 14, 16, 1, , 
2018/5/21, 29, 16, 1, , 
2018/5/22, 29, 15, 1, , 
2018/5/23, 34, 19, 1, , 
2018/5/24, 27, 22, 1, , 
2018/5/25, 39, 19, 2, , 
2018/5/26, 40, 12, 1, , 
2018/5/27, 29, 11, 1, , 
2018/5/28, 26, 11, 1, , 
2018/5/29, 20, 10, , , 
2018/5/30, 24, 10, , , 
2018/5/31, 25, 12, , , 
2018/6/1, 31, 21, 1, , 
2018/6/2, 35, 15, 1, , 
2018/6/3, 30, 15, , , 
2018/6/4, 15, 19, 1, , 
2018/6/5, 21, 20, 2, , 
2018/6/6, 28, 18, 1, , 
2018/6/7, 32, 23, 1, , 
2018/6/8, 34, 21, 2, , 
2018/6/9, 44, 20, 1, , 
2018/6/10, 49, 20, 1, , 
2018/6/11, 29, 9, 2, , 
2018/6/12, 22, 15, , , 
2018/6/13, 24, 16, 1, , 
2018/6/14, 36, 22, 1, , 
2018/6/15, 25, 22, 2, , 
2018/6/16, 31, 25, 2, , 
2018/6/17, 41, 21, 2, , 
2018/6/18, 54, 27, 1, , 
2018/6/19, 55, 20, 1, , 
2018/6/20, 46, 23, 1, , 
2018/6/21, 25, 16, 1, , 
2018/6/22, 31, 15, 1, , 
2018/6/23, 25, 15, , , 
2018/6/24, 25, 16, 1, , 
2018/6/25, 34, 18, 2, , 
2018/6/26, 30, 19, , , 
2018/6/27, 29, 14, , , 
2018/6/28, 32, 19, 1, , 
2018/6/29, 30, 23, 2, , 
2018/6/30, 36, 34, 1, , 
2018/7/1, 52, 24, 1, , 
2018/1/2, 25, 12, , , 
2018/1/3, 26, 11, , 1, 
2018/1/4, 31, 13, , , 
2018/1/5, 24, 14, , , 
2018/1/6, 20, 14, , , 
2018/1/7, 21, 12, , , 
2018/1/8, 32, 11, , , 
2018/1/9, 24, 11, , , 
2018/1/10, 28, 5, , , 
2018/1/11, 45, 12, , , 
2018/1/12, 36, 10, , , 
2018/1/13, 7, 15, , , 
2018/1/14, 15, 14, , , 
2018/1/15, 14, 9, , , 
2018/1/16, 30, 9, , , 
2018/1/17, 39, 11, , , 
2018/1/18, 36, 14, , , 
2018/1/19, 25, 14, , , 
2018/1/20, 18, 15, , , 
2018/1/21, 23, 14, , , 
2018/1/22, 32, 13, , , 
2018/1/23, 35, 15, , , 
2018/1/24, 19, 11, , , 
2018/1/25, 19, 12, , , 
2018/1/26, 22, 11, , , 
2018/1/27, 34, 15, , , 
2018/1/28, 22, 10, , , 
2018/1/29, 17, 12, , , 
2018/1/30, 14, 13, , , 
2018/1/31, 21, 12, , , 
2018/2/1, 18, 15, , , 
2018/2/2, 33, 13, , , 
2018/2/3, 21, 12, , , 
2018/2/4, 19, 10, , , 
2018/2/5, 19, 14, , , 
2018/2/6, 24, 11, , , 
2018/2/7, 29, 8, , , 
2018/2/8, 27, 15, , , 
2018/2/9, 38, 13, , , 
2018/2/10, 41, 5, , , 
2018/2/11, 38, 8, , , 
2018/2/12, 24, 11, , , 
2018/2/13, 26, 14, , , 
2018/2/14, 22, 11, , , 
2018/2/15, 24, 8, , , 
2018/2/16, 22, 10, , , 
2018/2/17, 25, 14, , , 
2018/2/18, 19, 14, , , 
2018/2/19, 19, 9, , , 
2018/2/20, 26, 10, , , 
2018/2/21, 31, 7, , , 
2018/2/22, 28, 8, , , 
2018/2/23, 28, 11, , , 
2018/2/24, 14, 11, , , 
2018/2/25, 40, 7, , , 
2018/2/26, 26, 10, , , 
2018/2/27, 25, 17, , , 
2018/2/28, 22, 15, , , 
2018/3/1, 25, 10, , , 
2018/3/2, 35, 19, , , 
2018/3/3, 16, 18, , , 
2018/3/4, 18, 18, , , 
2018/3/5, 17, 17, , , 
2018/3/6, 12, 13, , , 
2018/3/7, 23, 15, , , 
2018/3/8, 15, 16, , , 
2018/3/9, 19, 16, , , 
2018/3/10, 22, 14, , , 
2018/3/11, 34, 16, , , 
2018/3/12, 27, 15, , , 
2018/3/13, 21, 18, , , 
2018/3/14, 23, 16, , , 
2018/3/15, 21, 19, , , 
2018/3/16, 21, 18, , , 
2018/3/17, 30, 14, , , 
2018/3/18, 30, 18, , , 
2018/3/19, 23, 17, , , 
2018/3/20, 28, 16, , , 
2018/3/21, 11, 15, , , 
2018/3/22, 16, 19, , , 
2018/3/23, 23, 20, , , 
2018/3/24, 26, 18, , , 
2018/3/25, 22, 19, , , 
2018/3/26, 29, 17, , , 
2018/3/27, 22, 14, , , 
2018/3/28, 30, 14, , , 
2018/3/29, 43, 20, , , 
2018/3/30, 50, 16, , , 
2018/3/31, 31, 19, , , 
2018/4/1, 18, 18, , , 
2017/10/2, 17, 17, , , 
2017/10/3, 28, 17, , , 
2017/10/4, 23, 19, , , 
2017/10/5, 25, 17, , , 
2017/10/6, 33, 17, , , 
2017/10/7, 36, 10, , , 
2017/10/8, 26, 7, , , 
2017/10/9, 18, 7, , , 
2017/10/10, 27, 11, , , 
2017/10/11, 45, 9, , , 
2017/10/12, 27, 11, , , 
2017/10/13, 7, 9, , , 
2017/10/14, 22, 8, , , 
2017/10/15, 19, 12, , , 
2017/10/16, 29, 11, , , 
2017/10/17, 21, 14, , , 
2017/10/18, 17, 14, , , 
2017/10/19, 25, 16, , , 
2017/10/20, 28, 22, , , 
2017/10/21, 37, 24, , , 
2017/10/22, 46, 22, , , 
2017/10/23, 42, 15, , , 
2017/10/24, 15, 14, , , 
2017/10/25, 17, 14, , , 
2017/10/26, 17, 12, , , 
2017/10/27, 21, 17, , , 
2017/10/28, 34, 17, , , 
2017/10/29, 22, 10, , , 
2017/10/30, 14, 12, , , 
2017/10/31, 20, 14, , , 
2017/11/1, 32, 2, , , 
2017/11/2, 44, 8, , , 
2017/11/3, 31, 15, , , 
2017/11/4, 33, 10, , , 
2017/11/5, 17, 5, , , 
2017/11/6, 26, 9, , , 
2017/11/7, 43, 6, , , 
2017/11/8, 7, 6, , , 
2017/11/9, 18, 4, , , 
2017/11/10, 29, 14, , , 
2017/11/11, 18, 14, , , 
2017/11/12, 19, 11, , , 
2017/11/13, 40, 8, , , 
2017/11/14, 39, 11, , , 
2017/11/15, 35, 11, , , 
2017/11/16, 24, 13, , , 
2017/11/17, 25, 10, , , 
2017/11/18, 22, 15, , , 
2017/11/19, 28, 14, , , 
2017/11/20, 18, 13, , , 
2017/11/21, 28, 12, , , 
2017/11/22, 25, , , , 
2017/11/24, 27, 11, , , 
2017/11/25, 41, 15, , , 
2017/11/26, 41, 14, , , 
2017/11/27, 28, 12, , , 
2017/11/28, 30, 13, , , 
2017/11/29, 34, 15, , , 
2017/11/30, 40, 13, , , 
2017/12/1, 41, 13, , , 
2017/12/2, 39, 7, , , 
2017/12/3, 44, 11, , , 
2017/12/4, 53, 13, , , 
2017/12/5, 46, 9, , , 
2017/12/6, 34, 10, , , 
2017/12/7, 15, 11, , , 
2017/12/8, 16, 9, , , 
2017/12/9, 26, 10, , , 
2017/12/10, 21, 9, , , 
2017/12/11, 25, 11, , , 
2017/12/12, 23, 10, , , 
2017/12/13, 23, 13, , , 
2017/12/14, 8, 9, , , 
2017/12/15, 29, 10, , , 
2017/12/16, 27, 11, , , 
2017/12/17, 35, 6, , , 
2017/12/18, 48, 10, , , 
2017/12/19, 36, 11, , , 
2017/12/20, 29, 10, , , 
2017/12/21, 33, 12, , , 
2017/12/22, 33, 11, , , 
2017/12/23, 27, 9, , , 
2017/12/24, 31, 10, , , 
2017/12/25, 13, 13, , , 
2017/12/26, 20, 13, , , 
2017/12/27, 18, 12, , , 
2017/12/28, 31, 13, , , 
2017/12/29, 24, 11, , , 
2017/12/30, 24, 8, , , 
2017/12/31, 36, 13, , , 
2018/1/1, 18, 14, , , 
2017/7/2, 24, 19, 1, , 
2017/7/3, 40, 22, 2, , 
2017/7/4, 42, 19, 2, , 
2017/7/5, 58, 13, 2, , 
2017/7/6, 45, 14, 2, , 
2017/7/7, 21, 17, 2, , 
2017/7/8, 23, 20, 1, , 
2017/7/9, 27, 16, 1, , 
2017/7/10, 30, 22, 3, , 
2017/7/11, 40, 20, 2, , 
2017/7/12, 41, 21, 2, , 
2017/7/13, 47, 21, 1, , 
2017/7/14, 45, 18, 2, , 
2017/7/15, 30, 19, 1, , 
2017/7/16, 27, 21, , , 
2017/7/17, 34, 21, 2, , 
2017/7/18, 35, 22, 2, , 
2017/7/19, 36, 35, 3, , 
2017/7/20, 41, 25, 2, , 
2017/7/21, 52, 27, 2, , 
2017/7/22, 66, 20, 1, , 
2017/7/23, 65, 21, 1, , 
2017/7/24, 40, 21, 2, , 
2017/7/25, 20, 19, 1, , 
2017/7/26, 28, 28, 2, , 
2017/7/27, 27, 19, 2, , 
2017/7/28, 34, 17, 2, , 
2017/7/29, 37, 14, 1, , 
2017/7/30, 21, 16, 1, , 
2017/7/31, 22, 18, 3, , 
2017/8/1, 28, 23, 5, , 
2017/8/2, 42, 23, 5, , 
2017/8/3, 44, 27, 6, , 
2017/8/4, 50, 22, 5, , 
2017/8/5, 40, 17, 5, , 
2017/8/6, 24, 20, 5, , 
2017/8/7, 25, 13, 5, , 
2017/8/8, 31, 15, 5, , 
2017/8/9, 25, 19, 5, , 
2017/8/10, 34, 22, 5, , 
2017/8/11, 38, 13, 6, , 
2017/8/12, 36, 13, 5, , 
2017/8/13, 31, 18, 5, , 
2017/8/14, 44, 18, 5, , 
2017/8/15, 52, 14, 5, , 
2017/8/16, 30, 22, 5, , 
2017/8/17, 42, 17, 6, , 
2017/8/18, 48, 14, 5, , 
2017/8/19, 35, 21, 5, , 
2017/8/20, 28, 20, 5, , 
2017/8/21, 41, 18, 5, , 
2017/8/22, 52, 17, 5, , 
2017/8/23, 43, 15, 5, , 
2017/8/24, 36, 17, 5, , 
2017/8/25, 39, 20, 5, , 
2017/8/26, 47, 19, 5, , 
2017/8/27, 45, 19, 5, , 
2017/8/28, 37, 16, 5, , 
2017/8/29, 38, 14, 5, , 
2017/8/30, 21, 16, 5, , 
2017/8/31, 25, 20, 5, , 
2017/9/1, 34, 12, 5, , 
2017/9/2, 28, 10, 5, , 
2017/9/3, 13, 11, 5, , 
2017/9/4, 16, 17, 6, , 
2017/9/5, 44, 17, 5, , 
2017/9/6, 50, , , , 
2017/9/11, 17, 11, , , 
2017/9/12, 17, 13, , , 
2017/9/13, 12, 13, , , 
2017/9/14, 23, 16, , , 
2017/9/15, 40, 17, , , 
2017/9/16, 29, 16, , , 
2017/9/17, 34, 14, , , 
2017/9/18, 24, 9, , , 
2017/9/19, 23, 11, , , 
2017/9/20, 50, 16, , , 
2017/9/21, 49, 17, , , 
2017/9/22, 41, 17, , , 
2017/9/23, 47, 15, , , 
2017/9/24, 34, 19, , , 
2017/9/25, 32, 17, , , 
2017/9/26, 39, 8, , , 
2017/9/27, 16, 15, , , 
2017/9/28, 23, 20, , , 
2017/9/29, 41, 19, , , 
2017/9/30, 20, 13, , , 
2017/10/1, 18, 14, , , 
2017/4/2, 13, 20, , , 
2017/4/3, 20, 17, 2, , 
2017/4/4, 17, 18, 2, , 
2017/4/5, 19, 22, 5, , 
2017/4/6, 27, 16, 2, , 
2017/4/7, 15, 14, 1, , 
2017/4/8, 10, 21, 4, , 
2017/4/9, 17, 23, 4, , 
2017/4/10, 24, 25, 3, , 
2017/4/11, 48, 24, 3, , 
2017/4/12, 40, 23, 3, , 
2017/4/13, 33, 23, 1, , 
2017/4/14, 25, 22, 4, , 
2017/4/15, 26, 20, 2, , 
2017/4/16, 34, 20, 2, , 
2017/4/17, 33, 17, 2, , 
2017/4/18, 36, 19, 2, , 
2017/4/19, 15, 14, 3, , 
2017/4/20, 18, 18, 2, , 
2017/4/21, 25, 17, 3, , 
2017/4/22, 33, 9, 2, , 
2017/4/23, 20, 9, 1, , 
2017/4/24, 17, 11, , , 
2017/4/25, 8, 13, , , 
2017/4/26, 10, 16, 2, , 
2017/4/27, 13, 21, 3, , 
2017/4/28, 46, 18, 3, , 
2017/4/29, 45, 14, 2, , 
2017/4/30, 58, 12, 1, , 
2017/5/1, 30, 12, 1, , 
2017/5/2, 20, 19, 2, , 
2017/5/3, 15, 20, 2, , 
2017/5/4, 20, 19, 2, , 
2017/5/5, 17, 16, 1, , 
2017/5/6, 15, 13, 1, , 
2017/5/7, 11, 16, 1, , 
2017/5/8, 18, 19, 3, , 
2017/5/9, 18, 22, 4, , 
2017/5/10, 22, 28, 3, , 
2017/5/11, 33, 19, 1, , 
2017/5/12, 21, 13, , , 
2017/5/13, 9, 12, , , 
2017/5/14, 9, 20, 2, , 
2017/5/15, 26, 19, 1, , 
2017/5/16, 16, 22, 4, , 
2017/5/17, 27, 25, 3, , 
2017/5/18, 46, 19, 2, , 
2017/5/19, 44, 18, 2, , 
2017/5/20, 33, 15, 1, , 
2017/5/21, 20, 16, , , 
2017/5/22, 18, 12, 1, , 
2017/5/23, 18, 11, 2, , 
2017/5/24, 20, 15, , , 
2017/5/25, 12, 18, 2, , 
2017/5/26, 13, 19, 2, , 
2017/5/27, 19, 21, 4, , 
2017/5/28, 37, 14, 1, , 
2017/5/29, 30, 17, 1, , 
2017/5/30, 27, 17, 1, , 
2017/5/31, 30, 21, 2, , 
2017/6/1, 30, 23, 3, , 
2017/6/2, 27, 25, 3, , 
2017/6/3, 30, 23, 4, , 
2017/6/4, 41, 24, 2, , 
2017/6/5, 43, 14, 2, , 
2017/6/6, 25, 20, 2, , 
2017/6/7, 28, 14, 1, , 
2017/6/8, 22, 18, 1, , 
2017/6/9, 16, 20, 3, , 
2017/6/10, 29, 23, 3, , 
2017/6/11, 44, 23, 2, , 
2017/6/12, 53, 25, 2, , 
2017/6/13, 49, 22, 2, , 
2017/6/14, 47, 23, 2, , 
2017/6/15, 36, 21, 1, , 
2017/6/16, 33, 23, 1, , 
2017/6/17, 43, 12, 2, , 
2017/6/18, 24, 12, 1, , 
2017/6/19, 32, 13, 1, , 
2017/6/20, 29, 16, 2, , 
2017/6/21, 28, 19, 1, , 
2017/6/22, 32, 20, 2, , 
2017/6/23, 39, 10, 1, , 
2017/6/24, 37, 17, 1, , 
2017/6/25, 27, 18, 2, , 
2017/6/26, 29, 21, 2, , 
2017/6/27, 26, 19, 2, , 
2017/6/28, 26, 23, 2, , 
2017/6/29, 26, 21, 2, , 
2017/6/30, 36, 18, 2, , 
2017/7/1, 39, 14, 1, , 
2017/1/3, 17, 10, 3, , 
2017/1/4, 10, 10, 3, , 
2017/1/5, 18, 10, 5, , 
2017/1/6, 16, 10, 5, , 
2017/1/7, 29, 10, , , 
2017/1/8, 36, 13, , , 
2017/1/9, 41, , 6, , 
2017/1/10, 37, , 8, , 
2017/1/11, 32, 5, 8, , 
2017/1/12, 37, 14, 3, , 
2017/1/13, 21, 11, 2, , 
2017/1/14, 27, 13, 2, , 
2017/1/15, 21, 12, 2, , 
2017/1/16, 26, 9, 5, , 
2017/1/17, 33, 6, 5, , 
2017/1/18, 36, 10, 4, , 
2017/1/19, 30, 7, 5, , 
2017/1/20, 16, 3, 5, , 
2017/1/21, 31, 4, 3, , 
2017/1/22, 21, 7, 1, , 
2017/1/23, 12, 13, , , 
2017/1/24, 9, 11, 1, , 
2017/1/25, 11, 13, 5, , 
2017/1/26, 16, 14, 2, , 
2017/1/27, 27, 11, 3, , 
2017/1/28, 13, 13, 3, , 
2017/1/29, 21, 14, 5, , 
2017/1/30, 27, 12, 4, , 
2017/1/31, 21, 12, 9, , 
2017/2/1, 32, 7, 13, , 
2017/2/2, 40, 13, 7, , 
2017/2/3, 33, 11, 6, , 
2017/2/4, 28, 14, 4, , 
2017/2/5, 24, 16, 5, , 
2017/2/6, 31, 16, 9, , 
2017/2/7, 50, 15, 4, , 
2017/2/8, 55, 16, 6, , 
2017/2/9, 40, 15, 1, , 
2017/2/10, 21, 14, 5, , 
2017/2/11, 18, 13, 6, , 
2017/2/12, 50, 13, 5, , 
2017/2/13, 53, 18, 1, , 
2017/2/14, 14, 11, 9, , 
2017/2/15, 28, 16, 7, , 
2017/2/16, 29, 16, 4, , 
2017/2/17, 16, 16, 8, , 
2017/2/18, 31, 19, 8, , 
2017/2/19, 37, 19, 4, , 
2017/2/20, 41, 19, 4, , 
2017/2/21, 50, 18, 5, , 
2017/2/22, 28, 10, 8, , 
2017/2/23, 40, 17, 6, , 
2017/2/24, 36, 16, 3, , 
2017/2/25, 17, 16, 2, , 
2017/2/26, 20, 16, 2, , 
2017/2/27, 25, 15, 7, , 
2017/2/28, 33, 17, 5, , 
2017/3/1, 35, 13, 3, , 
2017/3/2, 35, 17, 1, , 
2017/3/3, 15, 16, 4, , 
2017/3/4, 21, 17, 3, , 
2017/3/5, 16, 17, 2, , 
2017/3/6, 17, 17, 4, , 
2017/3/7, 28, 19, 4, , 
2017/3/8, 33, 18, 3, , 
2017/3/9, 17, 20, 7, , 
2017/3/10, 22, 17, 2, , 
2017/3/11, 30, 18, 1, , 
2017/3/12, 16, 17, 1, , 
2017/3/13, 22, 17, 2, , 
2017/3/14, 19, 16, 1, , 
2017/3/15, 22, 17, 2, , 
2017/3/16, 17, 18, 4, , 
2017/3/17, 22, 20, 8, , 
2017/3/18, 31, 17, 3, , 
2017/3/19, 32, 18, 2, , 
2017/3/20, 17, 17, 4, , 
2017/3/21, 32, 16, 4, , 
2017/3/22, 35, 18, 2, , 
2017/3/23, 25, 18, 3, , 
2017/3/24, 17, 19, 3, , 
2017/3/25, 30, 19, 3, , 
2017/3/26, 34, 16, 2, , 
2017/3/27, 36, 16, 3, , 
2017/3/28, 24, 17, 5, , 
2017/3/29, 23, 18, 1, , 
2017/3/30, 19, 17, 2, , 
2017/3/31, 15, 15, , , 
2017/4/1, 12, 16, , , 
2016/10/2, 24, 13, 1, , 
2016/10/3, 34, 18, 3, , 
2016/10/4, 33, 17, 2, , 
2016/10/5, 31, 11, , , 
2016/10/6, 20, 10, 1, , 
2016/10/7, 24, 11, , , 
2016/10/8, 18, 15, , , 
2016/10/9, 8, 12, , , 
2016/10/10, 15, 13, 2, , 
2016/10/11, 19, 15, 4, , 
2016/10/12, 22, 15, 5, , 
2016/10/13, 27, 18, 4, , 
2016/10/14, 36, 13, 2, , 
2016/10/15, 15, 15, 3, , 
2016/10/16, 20, 14, 3, , 
2016/10/17, 24, 15, 5, , 
2016/10/18, 42, 16, 4, , 
2016/10/19, 42, 16, 4, , 
2016/10/20, 45, 17, 3, , 
2016/10/21, 45, 12, 2, , 
2016/10/22, 14, 11, 1, , 
2016/10/23, 12, 14, 2, , 
2016/10/24, 20, 18, 2, , 
2016/10/25, 34, 14, 3, , 
2016/10/26, 20, 13, 3, , 
2016/10/27, 21, 14, 4, , 
2016/10/28, 30, 14, 3, , 
2016/10/29, 25, 15, 4, , 
2016/10/30, 38, 17, 2, , 
2016/10/31, 46, 12, 1, , 
2016/11/1, 15, 7, 5, , 
2016/11/2, 25, 11, 6, , 
2016/11/3, 48, 17, 6, , 
2016/11/4, 61, 12, 2, , 
2016/11/5, 15, 14, 5, , 
2016/11/6, 22, 15, 5, , 
2016/11/7, 27, 12, 4, , 
2016/11/8, 17, 11, 5, , 
2016/11/9, 22, 10, 6, , 
2016/11/10, 49, 13, 3, , 
2016/11/11, 12, 14, 4, , 
2016/11/12, 26, 13, 2, , 
2016/11/13, 22, 14, 6, , 
2016/11/14, 34, 8, 9, , 
2016/11/15, 40, 14, 4, , 
2016/11/16, 21, 13, 7, , 
2016/11/17, 49, 13, 6, , 
2016/11/18, 39, 8, 10, , 
2016/11/19, 47, 16, 4, , 
2016/11/20, 47, 13, 1, , 
2016/11/21, 10, 14, 5, , 
2016/11/22, 34, 14, 11, , 
2016/11/23, 40, 10, , , 
2016/11/24, 47, 11, , , 
2016/11/25, 47, 10, , , 
2016/11/26, 57, 10, , , 
2016/11/27, 32, 11, , , 
2016/11/28, 23, 8, 6, , 
2016/11/29, 37, 12, 3, , 
2016/11/30, 25, 9, 3, , 
2016/12/1, 25, 12, 3, , 
2016/12/2, 22, 9, 5, , 
2016/12/3, 29, 10, 4, , 
2016/12/4, 27, 8, 3, , 
2016/12/5, 33, 6, 5, , 
2016/12/6, 24, 7, 3, , 
2016/12/7, 20, 9, 3, , 
2016/12/8, 19, 11, 5, , 
2016/12/9, 29, 11, 2, , 
2016/12/10, 19, 10, 5, , 
2016/12/11, 27, 10, 3, , 
2016/12/12, 27, 9, 6, , 
2016/12/13, 33, 8, 3, , 
2016/12/14, 28, 10, 5, , 
2016/12/15, 32, 15, 1, , 
2016/12/16, 20, 11, 5, , 
2016/12/17, 17, 8, 4, , 
2016/12/18, 31, 8, 2, , 
2016/12/19, 40, 12, 1, , 
2016/12/20, 23, 11, 5, , 
2016/12/21, 22, 9, 10, , 
2016/12/22, 48, 13, 6, , 
2016/12/23, 37, 9, 8, , 
2016/12/24, 43, 7, 6, , 
2016/12/25, 43, 9, 3, , 
2016/12/26, 48, 9, 3, , 
2016/12/27, 30, 9, 3, , 
2016/12/28, 22, 11, 4, , 
2016/12/29, 18, 13, 3, , 
2016/12/30, 16, 13, 3, , 
2016/12/31, 18, 12, 5, , 
2017/1/1, 18, 13, 3, , 
2017/1/2, 32, 10, 1, , 
2016/7/2, 36, 21, 1, , 
2016/7/3, 23, 13, , , 
2016/7/4, 15, 11, 1, , 
2016/7/5, 35, 13, 2, , 
2016/7/6, 25, 19, 2, , 
2016/7/7, 32, 19, 2, , 
2016/7/8, 33, 17, 2, , 
2016/7/9, 32, 19, 1, , 
2016/7/10, 24, 18, 1, , 
2016/7/11, 38, 18, 3, , 
2016/7/12, 45, 20, 1, , 
2016/7/13, 34, 15, 2, , 
2016/7/14, 30, 15, 2, , 
2016/7/15, 42, 18, 2, , 
2016/7/16, 26, 17, 1, , 
2016/7/17, 26, 22, 1, , 
2016/7/18, 29, 19, 2, , 
2016/7/19, 38, 18, 3, , 
2016/7/20, 26, 23, 1, , 
2016/7/21, 33, 32, 3, , 
2016/7/22, 50, 22, 3, , 
2016/7/23, 47, 24, 2, , 
2016/7/24, 48, 26, 1, , 
2016/7/25, 54, 22, 2, , 
2016/7/26, 49, 24, 2, , 
2016/7/27, 48, 31, 3, , 
2016/7/28, 30, 21, 2, , 
2016/7/29, 34, 17, 1, , 
2016/7/30, 14, 15, 3, , 
2016/7/31, 36, 24, 2, , 
2016/8/1, 36, 18, 2, , 
2016/8/2, 42, 15, 2, , 
2016/8/3, 39, 13, , , 
2016/8/4, 15, 11, , , 
2016/8/5, 15, 14, 2, , 
2016/8/6, 19, 18, 2, , 
2016/8/7, 33, 18, 1, , 
2016/8/8, 22, 14, 2, , 
2016/8/9, 26, 14, 1, , 
2016/8/10, 25, 8, 2, , 
2016/8/11, 27, 11, 2, , 
2016/8/12, 29, 10, 2, , 
2016/8/13, 26, 15, 1, , 
2016/8/14, 32, 13, 1, , 
2016/8/15, 29, 20, 2, , 
2016/8/16, 26, 15, 2, , 
2016/8/17, 28, 15, 2, , 
2016/8/18, 22, 18, 2, , 
2016/8/19, 25, 24, 3, , 
2016/8/20, 37, 23, 1, , 
2016/8/21, 28, 13, 1, , 
2016/8/22, 25, 14, 1, , 
2016/8/23, 18, 17, 2, , 
2016/8/24, 30, 25, 3, , 
2016/8/25, 27, 20, 2, , 
2016/8/26, 38, 21, 3, , 
2016/8/27, 56, 20, 1, , 
2016/8/28, 42, 15, 1, , 
2016/8/29, 42, 17, 1, , 
2016/8/30, 35, 23, 3, , 
2016/8/31, 47, 24, 3, , 
2016/9/1, 37, 18, 2, , 
2016/9/2, 39, 12, 1, , 
2016/9/3, 20, 9, , , 
2016/9/4, 18, 17, 1, , 
2016/9/5, 25, 16, 3, , 
2016/9/6, 26, 22, 3, , 
2016/9/7, 40, 15, 4, , 
2016/9/8, 50, 18, 4, , 
2016/9/9, 52, 22, 4, , 
2016/9/10, 53, 16, 3, 1, 
2016/9/11, 62, 14, 1, , 
2016/9/12, 36, 15, 2, , 
2016/9/13, 23, 19, 3, , 
2016/9/14, 37, 24, 2, , 
2016/9/15, 42, 10, 2, , 
2016/9/16, 30, 14, , , 
2016/9/17, 17, 18, , , 
2016/9/18, 22, 12, , , 
2016/9/19, 21, 8, 1, , 
2016/9/20, 15, 9, 1, , 
2016/9/21, 21, 9, 1, , 
2016/9/22, 23, 12, 1, , 
2016/9/23, 28, 24, 3, , 
2016/9/24, 32, 22, 3, , 
2016/9/25, 51, 13, , , 
2016/9/26, 22, 11, 4, , 
2016/9/27, 24, 8, 3, , 
2016/9/28, 35, 13, 2, , 
2016/9/29, 27, 12, , , 
2016/9/30, 12, 8, , , 
2016/10/1, 8, 11, 1, , 
2016/4/2, 17, 16, 1, , 
2016/4/3, 15, 18, 1, , 
2016/4/4, 15, 21, 2, , 
2016/4/5, 25, 12, 1, , 
2016/4/6, 20, , 4, , 
2016/4/7, 20, 15, 2, , 
2016/4/8, 13, 17, 2, , 
2016/4/9, 13, 17, 1, , 
2016/4/10, 20, 18, 2, , 
2016/4/11, 22, 20, 2, , 
2016/4/12, 26, 16, , , 
2016/4/13, 27, 18, , , 
2016/4/14, 19, 21, , , 
2016/4/15, 16, 21, , , 
2016/4/16, 16, 23, , , 
2016/4/17, 21, 24, , , 
2016/4/18, 24, 25, 2, , 
2016/4/19, 36, 29, 4, , 
2016/4/20, 38, 20, , , 
2016/4/21, 14, 22, 3, , 
2016/4/22, 33, 16, 2, , 
2016/4/23, 29, 19, 1, , 
2016/4/24, 19, 21, 1, , 
2016/4/25, 16, 21, 2, , 
2016/4/26, 32, 23, 2, , 
2016/4/27, 38, 12, 2, , 
2016/4/28, 30, 10, , , 
2016/4/29, 15, 13, , , 
2016/4/30, 11, 14, , , 
2016/5/1, 18, 12, 1, , 
2016/5/2, 20, 14, 3, , 
2016/5/3, 27, 18, 2, , 
2016/5/4, 10, 15, , , 
2016/5/5, 10, 10, 1, , 
2016/5/6, 12, 11, 2, , 
2016/5/7, 12, 16, 1, , 
2016/5/8, 14, 18, 2, , 
2016/5/9, 33, 19, 2, , 
2016/5/10, 33, 15, 1, , 
2016/5/11, 38, 12, 1, , 
2016/5/12, 38, 11, 1, , 
2016/5/13, 33, 13, 2, , 
2016/5/14, 28, 18, 3, , 
2016/5/15, 18, 18, 1, , 
2016/5/16, 14, 20, 3, , 
2016/5/17, 23, 11, 4, , 
2016/5/18, 27, 15, 1, , 
2016/5/19, 15, 18, 2, , 
2016/5/20, 27, 25, 2, , 
2016/5/21, 27, 19, 1, , 
2016/5/22, 14, 15, 1, , 
2016/5/23, 12, 19, 1, , 
2016/5/24, 17, 20, 3, , 
2016/5/25, 32, 23, 3, , 
2016/5/26, 38, 27, 4, , 
2016/5/27, 54, 23, 2, , 
2016/5/28, 53, 24, 2, , 
2016/5/29, 40, 10, 1, , 
2016/5/30, 21, 9, 1, , 
2016/5/31, 31, 16, 1, , 
2016/6/1, 14, 17, 1, , 
2016/6/2, 14, 13, 1, , 
2016/6/3, 18, 25, 2, , 
2016/6/4, 27, 14, 1, , 
2016/6/5, 25, 14, 1, , 
2016/6/6, 22, 17, 1, , 
2016/6/7, 22, 23, 1, , 
2016/6/8, 24, 18, 2, , 
2016/6/9, 15, 21, 3, , 
2016/6/10, 20, 23, 2, , 
2016/6/11, 25, 22, 2, , 
2016/6/12, 40, 24, 1, , 
2016/6/13, 39, 18, 1, , 
2016/6/14, 12, 22, 2, , 
2016/6/15, 24, 22, 2, , 
2016/6/16, 32, 23, 2, , 
2016/6/17, 36, , , , 
2016/6/22, 38, 21, 2, , 
2016/6/23, 32, 16, 2, , 
2016/6/24, 29, 22, 2, , 
2016/6/25, 24, 19, , , 
2016/6/26, 26, 18, 1, , 
2016/6/27, 27, 19, 3, , 
2016/6/28, 37, 15, 3, , 
2016/6/29, 34, 21, 1, , 
2016/6/30, 20, 19, 1, , 
2016/7/1, 33, 19, 4, , 
2016/1/5, 23, 12, 3, , 
2016/1/6, 23, 9, 9, , 
2016/1/7, 38, 11, 3, , 
2016/1/8, 28, 5, 3, , 
2016/1/9, 30, 8, 4, , 
2016/1/10, 31, 12, 1, , 
2016/1/11, 10, 12, 4, , 
2016/1/12, 16, 13, 5, , 
2016/1/13, 21, 15, 4, , 
2016/1/14, 18, 15, 8, , 
2016/1/15, 33, 12, 7, , 
2016/1/16, 41, 13, 2, , 
2016/1/17, 25, 9, 3, , 
2016/1/18, 25, 14, 1, , 
2016/1/19, 20, 12, 3, , 
2016/1/20, 23, 9, 7, , 
2016/1/21, 32, 12, 4, , 
2016/1/22, 33, 12, 3, , 
2016/1/23, 30, 15, 2, , 
2016/1/24, 13, 16, 3, , 
2016/1/25, 23, 12, 12, , 
2016/1/26, 50, 14, 8, , 
2016/1/27, 41, 11, 5, , 
2016/1/28, 38, 6, 12, , 
2016/1/29, 42, 14, 5, , 
2016/1/30, 29, 13, 8, , 
2016/1/31, 30, 18, 5, , 
2016/2/1, 40, 15, 5, , 
2016/2/2, 39, 14, 2, , 
2016/2/3, 25, 11, 4, , 
2016/2/4, 23, 10, 3, , 
2016/2/5, 17, 12, 2, , 
2016/2/6, 25, 12, 7, , 
2016/2/7, 36, 13, 6, , 
2016/2/8, 31, 13, 4, , 
2016/2/9, 37, 11, 3, , 
2016/2/10, 22, 11, 3, , 
2016/2/11, 20, 14, 2, , 
2016/2/12, 13, 12, 5, , 
2016/2/13, 14, 15, 2, , 
2016/2/14, 21, 15, 3, , 
2016/2/15, 20, 12, 2, , 
2016/2/16, 19, 15, 4, , 
2016/2/17, 14, 13, 5, , 
2016/2/18, 34, 15, 4, , 
2016/2/19, 34, 14, 7, , 
2016/2/20, 20, 16, 3, , 
2016/2/21, 51, 12, 5, , 
2016/2/22, 66, 12, 2, , 
2016/2/23, 37, 10, 2, , 
2016/2/24, 12, 12, 3, , 
2016/2/25, 14, 12, 1, , 
2016/2/26, 10, 15, 2, , 
2016/2/27, 15, 15, 6, , 
2016/2/28, 29, 19, 5, , 
2016/2/29, 34, 18, 4, , 
2016/3/1, 36, 19, 5, , 
2016/3/2, 41, 16, 1, , 
2016/3/3, 23, 14, 3, , 
2016/3/4, 22, 13, 2, , 
2016/3/5, 31, 11, 5, 1, 
2016/3/6, 55, 15, 3, , 
2016/3/7, 53, 15, 5, , 
2016/3/8, 46, 20, 6, , 
2016/3/9, 43, 19, 4, , 
2016/3/10, 53, 16, 2, , 
2016/3/11, 43, 20, 2, , 
2016/3/12, 34, 15, 3, , 
2016/3/13, 28, 14, 2, , 
2016/3/14, 46, 12, 1, , 
2016/3/15, 25, 13, 2, , 
2016/3/16, 14, 18, 4, , 
2016/3/17, 37, 19, 4, , 
2016/3/18, 25, 18, 5, , 
2016/3/19, 23, 13, 2, , 
2016/3/20, 24, 13, 1, , 
2016/3/21, 24, 18, 3, , 
2016/3/22, 27, 19, 5, , 
2016/3/23, 34, 23, 3, , 
2016/3/24, 56, 23, 3, , 
2016/3/25, 61, 16, 1, , 
2016/3/26, 34, 15, 1, , 
2016/3/27, 31, 13, , , 
2016/3/28, 17, 18, 1, , 
2016/3/29, 15, 18, 2, , 
2016/3/30, 25, 20, 3, , 
2016/3/31, 26, 19, 2, , 
2016/4/1, 28, 17, 2, , 
2015/10/2, 4, 6, 1, , 
2015/10/3, 4, 7, , , 
2015/10/4, 7, 8, , , 
2015/10/5, 8, 12, 1, , 
2015/10/6, 22, 16, 4, , 
2015/10/7, 25, 13, 4, , 
2015/10/8, 31, 20, 4, , 
2015/10/9, 53, 16, 4, , 
2015/10/10, 43, 11, 1, , 
2015/10/11, 17, 15, 2, , 
2015/10/12, 22, 16, 4, , 
2015/10/13, 30, 16, 3, , 
2015/10/14, 33, 13, 4, , 
2015/10/15, 25, 14, 5, , 
2015/10/16, 22, 8, 7, , 
2015/10/17, 29, 14, 3, , 
2015/10/18, 27, 14, 3, , 
2015/10/19, 18, 14, 5, , 
2015/10/20, 19, 16, 6, , 
2015/10/21, 34, 19, 6, , 
2015/10/22, 46, 19, 7, , 
2015/10/23, 43, 19, 4, , 
2015/10/24, 48, 15, 2, , 
2015/10/25, 17, 10, 3, , 
2015/10/26, 31, 10, 2, , 
2015/10/27, 12, 6, 2, , 
2015/10/28, 15, 10, 1, , 
2015/10/29, 9, 11, 4, , 
2015/10/30, 21, 11, 3, , 
2015/10/31, 18, 9, 4, , 
2015/11/1, 28, 8, 3, , 
2015/11/2, 42, 6, 4, , 
2015/11/3, 44, 16, 3, , 
2015/11/4, 35, 16, 5, , 
2015/11/5, 36, 9, 4, , 
2015/11/6, 30, 7, 2, , 
2015/11/7, 24, 6, 3, , 
2015/11/8, 23, 12, 2, , 
2015/11/9, 22, 8, 3, , 
2015/11/10, 18, 10, 3, , 
2015/11/11, 6, 11, 4, , 
2015/11/12, 14, 13, 4, , 
2015/11/13, 23, 14, 5, , 
2015/11/14, 18, 13, 4, , 
2015/11/15, 18, 13, 5, , 
2015/11/16, 33, 13, 9, , 
2015/11/17, 36, 15, 6, , 
2015/11/18, 42, 13, 1, , 
2015/11/19, 16, 12, 4, , 
2015/11/20, 13, 13, 3, , 
2015/11/21, 15, 13, 6, , 
2015/11/22, 21, 12, 2, , 
2015/11/23, 19, 14, 4, , 
2015/11/24, 19, 12, 9, , 
2015/11/25, 33, 14, 6, , 
2015/11/26, 39, 13, 5, , 
2015/11/27, 31, 11, 6, , 
2015/11/28, 24, 8, 6, , 
2015/11/29, 30, 6, 2, , 
2015/11/30, 28, 6, 3, , 
2015/12/1, 14, 2, 5, , 
2015/12/2, 16, 3, 4, , 
2015/12/3, 21, 10, 2, , 
2015/12/4, 18, 10, 6, , 
2015/12/5, 40, 10, 5, , 
2015/12/6, 48, 8, 6, , 
2015/12/7, 52, 2, 8, , 
2015/12/8, 58, 12, 6, 1, 
2015/12/9, 55, 12, 6, , 
2015/12/10, 44, 9, 8, , 
2015/12/11, 51, 13, 8, , 
2015/12/12, 62, 8, 8, , 
2015/12/13, 58, 10, 6, , 
2015/12/14, 49, 11, 3, , 
2015/12/15, 18, 12, 3, , 
2015/12/16, 9, 6, 3, , 
2015/12/17, 12, 1, 5, , 
2015/12/18, 15, 7, 2, , 
2015/12/19, 19, 13, 4, , 
2015/12/20, 18, 10, 6, , 
2015/12/21, 36, 11, 6, , 
2015/12/22, 23, 5, 6, , 
2015/12/23, 32, 8, 3, , 
2015/12/24, 14, 8, 3, , 
2015/12/25, 20, 8, 1, , 
2015/12/26, 34, 7, 1, , 
2015/12/27, 21, 9, 1, , 
2015/12/28, 16, 9, , , 
2015/12/29, 9, 6, 4, , 
2015/12/30, 20, 3, 3, , 
2015/12/31, 13, 4, 2, , 
2016/1/1, 17, , , , 
2016/1/4, 25, 13, 2, , 
2015/7/2, 54, 19, 3, , 
2015/7/3, 80, 22, 2, , 
2015/7/4, 64, 16, 1, , 
2015/7/5, 43, 15, 2, , 
2015/7/6, 45, 14, 3, , 
2015/7/7, 28, 20, 3, , 
2015/7/8, 60, 14, 2, , 
2015/7/9, 51, 12, 2, , 
2015/7/10, 38, 16, 2, , 
2015/7/11, 16, 14, 2, , 
2015/7/12, 24, 22, 1, , 
2015/7/13, 42, 18, 3, , 
2015/7/14, 40, 17, 2, , 
2015/7/15, 19, 19, 2, , 
2015/7/16, 23, 18, 1, , 
2015/7/17, 23, 23, 2, , 
2015/7/18, 33, 20, 2, , 
2015/7/19, 39, 21, 2, , 
2015/7/20, 42, 22, 2, , 
2015/7/21, 37, 16, 3, , 
2015/7/22, 32, 18, 1, , 
2015/7/23, 19, 22, 3, , 
2015/7/24, 40, 25, 2, , 
2015/7/25, 44, 29, 4, , 
2015/7/26, 51, 24, 2, , 
2015/7/27, 53, 16, 3, , 
2015/7/28, 56, 16, 4, , 
2015/7/29, 52, 12, 4, 1, 
2015/7/30, 30, 15, 2, , 
2015/7/31, 31, 23, 2, , 
2015/8/1, 28, 22, 3, , 
2015/8/2, 32, 21, 2, , 
2015/8/3, 32, 22, 4, , 
2015/8/4, 48, 19, 2, , 
2015/8/5, 49, 20, 3, , 
2015/8/6, 46, 20, 1, , 
2015/8/7, 35, 15, 1, , 
2015/8/8, 23, 13, 1, , 
2015/8/9, 18, 24, 2, , 
2015/8/10, 27, 12, 3, , 
2015/8/11, 34, 16, 2, , 
2015/8/12, 27, 15, 2, , 
2015/8/13, 16, 18, 3, , 
2015/8/14, 23, 23, 3, , 
2015/8/15, 25, 24, 2, , 
2015/8/16, 35, 22, 2, , 
2015/8/17, 37, 31, 3, , 
2015/8/18, 46, 19, 3, , 
2015/8/19, 49, 15, 2, , 
2015/8/20, 27, 14, 2, , 
2015/8/21, 27, 22, 1, , 
2015/8/22, 19, 22, 2, , 
2015/8/23, 25, 25, 2, , 
2015/8/24, 35, 20, 4, , 
2015/8/25, 48, 22, 2, , 
2015/8/26, 43, 21, 2, , 
2015/8/27, 38, 19, 2, , 
2015/8/28, 31, 22, 3, , 
2015/8/29, 36, 22, 3, , 
2015/8/30, 32, 24, 3, , 
2015/8/31, 41, 15, 3, , 
2015/9/1, 34, 22, 2, , 
2015/9/2, 25, 23, 4, , 
2015/9/3, 51, 29, 4, , 
2015/9/4, 56, 25, 3, , 
2015/9/5, 77, 13, , , 
2015/9/6, 60, 11, , , 
2015/9/7, 28, 15, 1, , 
2015/9/8, 33, 18, 3, , 
2015/9/9, 34, 16, 2, , 
2015/9/10, 22, 13, 3, , 
2015/9/11, 28, 19, 2, , 
2015/9/12, 13, 12, 3, , 
2015/9/13, 25, 12, 1, , 
2015/9/14, 16, 17, 3, , 
2015/9/15, 21, 25, 4, , 
2015/9/16, 36, 25, 5, , 
2015/9/17, 43, 25, 4, , 
2015/9/18, 43, 25, 3, , 
2015/9/19, 42, 16, 2, , 
2015/9/20, 25, 16, 1, , 
2015/9/21, 20, 9, 1, , 
2015/9/22, 17, 14, 1, , 
2015/9/23, 24, 15, 1, , 
2015/9/24, 26, 19, 1, , 
2015/9/25, 21, 15, , , 
2015/9/26, 24, 11, , , 
2015/9/27, 17, 12, , , 
2015/9/28, 21, 12, , , 
2015/9/29, 25, 9, 1, , 
2015/9/30, 20, 11, 2, , 
2015/10/1, 14, 7, 1, , 
2015/4/2, 25, 21, 4, , 
2015/4/3, 22, 17, 3, , 
2015/4/4, 31, 17, 1, , 
2015/4/5, 15, 19, 4, , 
2015/4/6, 17, 19, 3, , 
2015/4/7, 27, 12, 4, , 
2015/4/8, 36, 11, 2, , 
2015/4/9, 16, 11, 1, , 
2015/4/10, 13, 14, 2, , 
2015/4/11, 21, 21, 2, , 
2015/4/12, 20, 22, 3, , 
2015/4/13, 23, 20, 3, , 
2015/4/14, 24, 14, 3, , 
2015/4/15, 23, 19, 2, , 
2015/4/16, 13, 20, 3, , 
2015/4/17, 20, 16, 4, , 
2015/4/18, 24, 22, 2, , 
2015/4/19, 32, 19, 1, , 
2015/4/20, 32, 15, 3, , 
2015/4/21, 17, 18, 2, , 
2015/4/22, 18, 20, 4, , 
2015/4/23, 23, 20, 2, , 
2015/4/24, 18, 20, 3, , 
2015/4/25, 22, 15, 2, , 
2015/4/26, 24, 19, 1, , 
2015/4/27, 23, 18, 3, , 
2015/4/28, 23, 18, 2, , 
2015/4/29, 19, 22, 5, , 
2015/4/30, 29, 17, 4, , 
2015/5/1, 34, 14, 1, , 
2015/5/2, 18, 19, 3, , 
2015/5/3, 22, 24, 3, , 
2015/5/4, 31, 23, 3, , 
2015/5/5, 42, 23, 2, , 
2015/5/6, 38, 24, 3, , 
2015/5/7, 36, 20, 3, , 
2015/5/8, 28, 22, 1, , 
2015/5/9, 29, 16, , , 
2015/5/10, 20, 16, , , 
2015/5/11, 31, 15, 1, , 
2015/5/12, 30, 19, 2, , 
2015/5/13, 37, 18, 1, , 
2015/5/14, 21, 20, 1, , 
2015/5/15, 22, 20, 3, , 
2015/5/16, 27, 21, 2, , 
2015/5/17, 48, 19, 2, , 
2015/5/18, 48, 18, 3, , 
2015/5/19, 41, 17, 2, , 
2015/5/20, 23, 21, 1, , 
2015/5/21, 26, 12, 1, , 
2015/5/22, 15, 21, 2, , 
2015/5/23, 24, 24, 2, , 
2015/5/24, 26, 22, 2, , 
2015/5/25, 32, 22, 2, , 
2015/5/26, 35, 16, 3, , 
2015/5/27, 31, 16, 2, , 
2015/5/28, 21, 22, 2, , 
2015/5/29, 33, 17, 2, , 
2015/5/30, 28, 14, 2, , 
2015/5/31, 20, 13, 1, , 
2015/6/1, 33, 15, 2, , 
2015/6/2, 26, 12, 2, , 
2015/6/3, 21, 7, 1, , 
2015/6/4, 4, 8, , , 
2015/6/5, 4, 11, 1, , 
2015/6/6, 13, 21, 1, , 
2015/6/7, 26, 19, 1, , 
2015/6/8, 23, 19, 2, , 
2015/6/9, 30, 19, 2, , 
2015/6/10, 26, 26, 3, , 
2015/6/11, 66, 22, 4, , 
2015/6/12, 59, 17, 2, , 
2015/6/13, 31, 19, 2, , 
2015/6/14, 43, 21, 1, , 
2015/6/15, 37, 12, 2, , 
2015/6/16, 35, 13, 2, , 
2015/6/17, 33, 17, 1, , 
2015/6/18, 26, 14, 2, , 
2015/6/19, 36, 15, 2, , 
2015/6/20, 45, 19, 2, , 
2015/6/21, 44, 15, 1, , 
2015/6/22, 30, 25, 2, , 
2015/6/23, 41, 16, 3, , 
2015/6/24, 64, 21, 1, , 
2015/6/25, 27, 26, 4, , 
2015/6/26, 45, 17, 2, , 
2015/6/27, 31, 15, 1, , 
2015/6/28, 19, 18, 1, , 
2015/6/29, 11, 21, 3, , 
2015/6/30, 27, 22, 3, , 
2015/7/1, 40, 23, 2, , 
2015/1/2, 19, 9, 7, , 
2015/1/3, 34, 9, 3, , 
2015/1/4, 31, 9, 2, , 
2015/1/5, 18, 12, 2, , 
2015/1/6, 21, 11, 4, , 
2015/1/7, 20, 13, 4, , 
2015/1/8, 29, 12, 4, , 
2015/1/9, 17, 12, 5, , 
2015/1/10, 28, 13, 6, , 
2015/1/11, 34, 11, 8, 1, 
2015/1/12, 41, 4, 10, , 
2015/1/13, 41, 11, 2, , 
2015/1/14, 33, 8, 5, , 
2015/1/15, 33, 5, 7, , 
2015/1/16, 47, 12, 6, , 
2015/1/17, 38, 12, 4, , 
2015/1/18, 36, 10, 5, , 
2015/1/19, 29, 12, 6, , 
2015/1/20, 20, 9, 6, , 
2015/1/21, 31, 8, 4, , 
2015/1/22, 38, 7, 6, , 
2015/1/23, 47, 7, 6, , 
2015/1/24, 35, 8, 3, , 
2015/1/25, 20, 12, 4, , 
2015/1/26, 29, 10, 3, , 
2015/1/27, 30, 11, 3, , 
2015/1/28, 29, 14, 3, , 
2015/1/29, 26, 10, 9, 1, 
2015/1/30, 34, 13, 3, , 
2015/1/31, 30, 14, 5, , 
2015/2/1, 21, 12, 5, 1, 
2015/2/2, 35, 13, 2, , 
2015/2/3, 22, 13, 6, , 
2015/2/4, 29, 14, 5, , 
2015/2/5, 27, 15, 3, , 
2015/2/6, 33, 13, 6, , 
2015/2/7, 26, 14, 7, , 
2015/2/8, 41, 19, 5, , 
2015/2/9, 63, 14, 3, , 
2015/2/10, 52, 10, 4, , 
2015/2/11, 23, 13, 3, , 
2015/2/12, 30, 10, 6, , 
2015/2/13, 38, 14, 3, , 
2015/2/14, 20, 14, 4, , 
2015/2/15, 17, 14, 1, , 
2015/2/16, 31, 12, 3, , 
2015/2/17, 21, 13, 3, , 
2015/2/18, 35, 15, 5, 1, 
2015/2/19, 55, 15, 2, , 
2015/2/20, 34, 14, 6, 1, 
2015/2/21, 48, 11, 7, , 
2015/2/22, 43, 13, 6, , 
2015/2/23, 42, 16, 3, , 
2015/2/24, 48, 14, 4, 1, 
2015/2/25, 25, 16, 5, , 
2015/2/26, 36, 16, 4, , 
2015/2/27, 48, 12, 8, 1, 
2015/2/28, 63, 15, 2, 1, 
2015/3/1, 39, 12, 6, , 
2015/3/2, 39, 17, 4, , 
2015/3/3, 37, 13, 5, , 
2015/3/4, 40, 9, 5, , 
2015/3/5, 27, 15, 3, , 
2015/3/6, 19, 15, 2, 1, 
2015/3/7, 26, 17, 7, , 
2015/3/8, 31, 19, 5, , 
2015/3/9, 25, 17, 9, , 
2015/3/10, 31, 7, 11, , 
2015/3/11, 51, 8, 5, , 
2015/3/12, 32, 19, 2, , 
2015/3/13, 20, 18, 5, , 
2015/3/14, 18, 9, 4, , 
2015/3/15, 14, 18, 2, , 
2015/3/16, 15, 14, 8, , 
2015/3/17, 26, 18, 6, , 
2015/3/18, 27, 18, 3, , 
2015/3/19, 24, 17, 5, , 
2015/3/20, 14, 16, 2, , 
2015/3/21, 11, 15, 3, , 
2015/3/22, 16, 17, 2, , 
2015/3/23, 34, 17, 1, , 
2015/3/24, 17, 16, 2, , 
2015/3/25, 24, 14, 5, , 
2015/3/26, 26, 15, 6, , 
2015/3/27, 26, 14, 2, , 
2015/3/28, 19, 16, 1, , 
2015/3/29, 21, 19, 2, , 
2015/3/30, 15, 18, 3, , 
2015/3/31, 19, 21, 6, , 
2015/4/1, 20, 20, 1, , 
2014/10/2, 35, 18, 2, , 
2014/10/3, 34, 14, 2, , 
2014/10/4, 31, 13, 1, , 
2014/10/5, 22, 11, 3, , 
2014/10/6, 21, 17, 3, , 
2014/10/7, 29, 17, 4, , 
2014/10/8, 33, 17, 3, , 
2014/10/9, 26, 18, 4, , 
2014/10/10, 29, 11, 4, , 
2014/10/11, 47, 7, 2, , 
2014/10/12, 24, 12, 1, , 
2014/10/13, 32, 13, 3, , 
2014/10/14, 36, 13, 2, , 
2014/10/15, 17, 10, 3, , 
2014/10/16, 15, 9, 4, , 
2014/10/17, 17, 12, 3, , 
2014/10/18, 15, 15, 2, , 
2014/10/19, 22, 15, 2, , 
2014/10/20, 11, 13, 5, , 
2014/10/21, 19, 14, 4, , 
2014/10/22, 29, 8, 1, , 
2014/10/23, 20, 14, 2, , 
2014/10/24, 28, 14, 5, , 
2014/10/25, 28, 17, 5, , 
2014/10/26, 34, 17, 4, , 
2014/10/27, 29, 15, 7, , 
2014/10/28, 29, 19, 6, 1, 
2014/10/29, 51, 15, 4, , 
2014/10/30, 47, 12, 4, , 
2014/10/31, 22, 10, 3, , 
2014/11/1, 26, 7, 2, , 
2014/11/2, 23, 13, 1, , 
2014/11/3, 15, 15, 8, , 
2014/11/4, 28, 15, 7, , 
2014/11/5, 44, 13, 7, , 
2014/11/6, 55, 11, 5, , 
2014/11/7, 40, 11, 2, , 
2014/11/8, 13, 12, 6, , 
2014/11/9, 22, 12, 4, , 
2014/11/10, 40, 15, 4, , 
2014/11/11, 43, 13, 5, , 
2014/11/12, 39, 15, 3, , 
2014/11/13, 25, 8, 3, 1, 
2014/11/14, 29, 11, 2, , 
2014/11/15, 25, 13, 5, , 
2014/11/16, 25, 13, 5, , 
2014/11/17, 32, 4, 5, , 
2014/11/18, 17, 13, 3, , 
2014/11/19, 21, 13, 5, , 
2014/11/20, 16, 16, 6, , 
2014/11/21, 29, 14, 5, , 
2014/11/22, 32, 14, 8, , 
2014/11/23, 38, 10, 6, , 
2014/11/24, 38, 13, 2, , 
2014/11/25, 26, 7, 4, , 
2014/11/26, 32, 9, 2, , 
2014/11/27, 12, 6, 4, , 
2014/11/28, 29, 11, 4, , 
2014/11/29, 25, 11, 5, , 
2014/11/30, 41, 13, 4, , 
2014/12/1, 44, 11, 5, , 
2014/12/2, 35, 8, 2, , 
2014/12/3, 17, 5, 5, , 
2014/12/4, 35, 10, 3, , 
2014/12/5, 33, 5, 4, , 
2014/12/6, 40, 3, 6, , 
2014/12/7, 46, 13, 1, , 
2014/12/8, 23, 11, 2, , 
2014/12/9, 28, 8, 4, , 
2014/12/10, 10, 7, 4, 1, 
2014/12/11, 29, 11, 6, , 
2014/12/12, 29, 12, 7, , 
2014/12/13, 32, 8, 8, , 
2014/12/14, 51, 10, 7, , 
2014/12/15, 56, 8, 8, , 
2014/12/16, 51, 5, 8, , 
2014/12/17, 60, 7, 7, , 
2014/12/18, 31, 9, 5, , 
2014/12/19, 26, 5, 4, , 
2014/12/20, 42, 8, 4, 2, 
2014/12/21, 40, 7, 3, 1, 
2014/12/22, 51, 7, 4, , 
2014/12/23, 38, 1, 7, , 
2014/12/24, 43, 5, 6, , 
2014/12/25, 16, 11, 2, , 
2014/12/26, 18, 8, 5, , 
2014/12/27, 31, 10, 6, , 
2014/12/28, 40, 10, 5, , 
2014/12/29, 39, , , , 
2014/7/2, 40, 18, 3, , 
2014/7/3, 64, 13, 2, , 
2014/7/4, 42, 16, 1, , 
2014/7/5, 26, 17, 1, , 
2014/7/6, 21, 19, 2, , 
2014/7/7, 36, 23, 2, , 
2014/7/8, 48, 24, 1, , 
2014/7/9, 46, 17, 3, , 
2014/7/10, 33, 11, 4, , 
2014/7/11, 33, 21, 2, , 
2014/7/12, 39, 27, 2, , 
2014/7/13, 47, 19, 1, , 
2014/7/14, 39, 20, 2, , 
2014/7/15, 42, 18, 3, , 
2014/7/16, 42, 22, 2, , 
2014/7/17, 20, 23, 2, , 
2014/7/18, 27, 22, 3, , 
2014/7/19, 39, 19, 1, , 
2014/7/20, 23, 22, 1, , 
2014/7/21, 33, 15, 1, , 
2014/7/22, 25, 17, 1, , 
2014/7/23, 20, 17, 3, , 
2014/7/24, 26, 16, 3, , 
2014/7/25, 43, 19, 2, , 
2014/7/26, 24, 17, 2, , 
2014/7/27, 36, 15, 1, , 
2014/7/28, 34, 17, 1, , 
2014/7/29, 24, 16, 1, , 
2014/7/30, 23, 19, 3, , 
2014/7/31, 36, 19, 4, , 
2014/8/1, 54, 14, 3, , 
2014/8/2, 48, 15, 1, , 
2014/8/3, 26, 17, 1, , 
2014/8/4, 23, 19, 2, , 
2014/8/5, 41, 23, 2, , 
2014/8/6, 48, 26, 3, , 
2014/8/7, 67, 22, 3, , 
2014/8/8, 62, 26, 5, , 
2014/8/9, 49, 18, 2, , 
2014/8/10, 50, 19, 2, , 
2014/8/11, 45, 18, 2, , 
2014/8/12, 25, 12, 2, , 
2014/8/13, 14, 16, 2, , 
2014/8/14, 20, 17, 3, , 
2014/8/15, 38, 22, 3, , 
2014/8/16, 29, 23, 3, , 
2014/8/17, 30, 18, 3, , 
2014/8/18, 42, 15, 4, , 
2014/8/19, 46, 16, 1, , 
2014/8/20, 20, 22, 1, , 
2014/8/21, 27, 23, 3, , 
2014/8/22, 40, 18, 2, , 
2014/8/23, 39, 13, , , 
2014/8/24, 23, 13, 1, , 
2014/8/25, 11, 14, 2, , 
2014/8/26, 18, 17, 3, , 
2014/8/27, 30, 23, 3, , 
2014/8/28, 36, 21, 2, , 
2014/8/29, 39, 21, 1, , 
2014/8/30, 25, 20, 2, , 
2014/8/31, 44, 12, 1, , 
2014/9/1, 29, 13, 1, , 
2014/9/2, 22, 15, 3, , 
2014/9/3, 59, 19, 2, , 
2014/9/4, 37, 20, 2, , 
2014/9/5, 38, 14, 3, , 
2014/9/6, 28, 14, 2, , 
2014/9/7, 24, 14, 1, , 
2014/9/8, 23, 10, 1, , 
2014/9/9, 22, 10, 1, , 
2014/9/10, 17, 16, 3, , 
2014/9/11, 21, 16, 3, , 
2014/9/12, 33, 17, 1, , 
2014/9/13, 16, 12, 2, , 
2014/9/14, 28, 14, 1, , 
2014/9/15, 19, 18, 3, , 
2014/9/16, 27, 18, 2, , 
2014/9/17, 36, 19, 2, , 
2014/9/18, 33, 18, 4, , 
2014/9/19, 35, 21, 3, , 
2014/9/20, 42, 18, 1, , 
2014/9/21, 33, 19, 1, , 
2014/9/22, 30, 15, 1, , 
2014/9/23, 18, 12, 2, , 
2014/9/24, 23, 9, 1, , 
2014/9/25, 18, 8, 2, , 
2014/9/26, 10, 17, 2, , 
2014/9/27, 24, 21, 3, , 
2014/9/28, 37, 22, 4, , 
2014/9/29, 37, 7, 5, , 
2014/9/30, 30, 11, 3, , 
2014/10/1, 51, 15, 2, , 
2014/6/13, 20, 17, 3, , 
2014/6/14, 28, 20, 1, , 
2014/6/15, 26, 20, 1, , 
2014/6/16, 33, 28, 3, , 
2014/6/17, 66, 26, 3, , 
2014/6/18, 60, 20, 3, , 
2014/6/19, 61, 18, 3, , 
2014/6/20, 51, 22, 2, , 
2014/6/21, 26, 18, 1, , 
2014/6/22, 35, 17, 1, , 
2014/6/23, 24, 20, 2, , 
2014/6/24, 24, 23, 3, , 
2014/6/25, 30, 16, 2, , 
2014/6/26, 39, 19, 1, , 
2014/6/27, 37, 22, 1, , 
2014/6/28, 45, 16, , , 
2014/6/29, 15, 19, 2, , 
2014/6/30, 22, 20, 2, , 
2014/7/1, 26, 16, 2, , 
2020/3/4, , 13, 1, , 
2020/3/5, , 17, 4, , 
2020/3/6, , 14, 1, , 
2020/3/7, , 16, 2, , 
2020/3/8, , 16, 1, , 
2020/3/9, , 16, 5, , 
2020/3/10, , 18, 3, , 
2020/3/11, , 15, 1, , 
2020/3/12, , 15, 1, , 
2020/3/13, , 15, , , 
2020/3/14, , 16, 1, , 
2020/3/15, , 17, , , 
2020/3/16, , 16, , , 
2020/3/17, , 18, , , 
2020/3/18, , 15, 2, , 
2020/3/19, , 16, , , 
2020/3/20, , 13, 2, , 
2020/3/21, , 17, 1, , 
2020/3/22, , 13, , , 
2020/3/23, , 17, , , 
2020/3/24, , 15, 1, , 
2020/3/25, , 14, 1, , 
2020/3/26, , 15, , , 
2020/3/27, , 14, 1, , 
2020/3/28, , 11, 1, , 
2020/2/27, , 8, 2, , 
2020/2/28, , 16, 1, , 
2020/2/29, , 15, 2, , 
2019/10/8, , 14, , , 
2019/10/9, , 11, , , 
2019/10/10, , 9, , , 
2019/10/11, , 15, , , 
2019/10/12, , 17, , , 
2019/10/13, , 19, , , 
2019/10/14, , 12, , , 
2019/10/15, , 13, , , 
2019/10/16, , 19, , , 
2019/10/17, , 13, , , 
2019/10/18, , 13, , , 
2019/10/19, , 14, 1, , 
2019/10/20, , 14, , , 
2019/10/21, , 13, 1, , 
2019/10/22, , 11, 1, , 
2019/10/23, , 9, 1, , 
2019/10/24, , 14, 1, , 
2019/10/25, , 16, 1, , 
2019/10/26, , 11, 1, , 
2019/10/27, , 16, 1, , 
2019/10/28, , 13, , , 
2019/10/29, , 15, 1, , 
2019/10/30, , 12, , , 
2019/10/31, , 10, , , 
2019/11/1, , 10, , , 
2019/11/2, , 12, , , 
2019/11/3, , 11, , , 
2019/11/4, , 13, , , 
2019/11/5, , , , , 
2019/7/2, , 19, , , 
2019/7/3, , 22, , , 
2019/7/4, , 24, , , 
2019/7/5, , 24, , , 
2019/7/6, , 20, , , 
2019/7/7, , 18, , , 
2019/7/8, , 17, , , 
2019/7/9, , 16, , , 
2019/7/10, , 16, , , 
2019/7/11, , 23, , , 
2019/7/12, , 16, , , 
2019/7/13, , 18, , , 
2019/7/14, , 22, , , 
2019/7/15, , 24, , , 
2019/7/16, , 23, , , 
2019/7/17, , 22, , , 
2019/7/18, , 20, , , 
2019/7/19, , 16, , , 
2019/7/20, , 24, , , 
2019/7/21, , 19, , , 
2019/7/22, , 16, , , 
2019/7/23, , 17, , , 
2019/7/24, , 14, , , 
2019/7/25, , 16, , , 
2019/7/26, , 20, , , 
2019/7/27, , 22, , , 
2019/7/28, , 21, , , 
2019/7/29, , 22, , , 
2019/7/30, , 23, , , 
2019/7/31, , 25, , , 
2019/8/1, , 25, , , 
2019/8/2, , 28, , , 
2019/8/3, , 20, , , 
2019/8/4, , 20, , , 
2019/8/5, , 20, , , 
2019/8/6, , 21, , , 
2019/8/7, , 20, , , 
2019/8/8, , 19, , , 
2019/8/9, , 22, , , 
2019/8/10, , 20, , , 
2019/8/11, , 21, , , 
2019/8/12, , 20, , , 
2019/8/13, , 19, , , 
2019/8/14, , 18, , , 
2019/8/15, , 20, , , 
2019/8/16, , 17, , , 
2019/8/17, , 17, , , 
2019/8/18, , 20, , , 
2019/8/19, , 26, , , 
2019/8/20, , 22, , , 
2019/8/21, , 23, , , 
2019/8/23, , 22, , , 
2019/8/24, , 13, , , 
2019/8/25, , 13, , , 
2019/8/26, , 12, , , 
2019/8/27, , 10, , , 
2019/8/28, , 12, , , 
2019/8/29, , 15, , , 
2019/8/30, , 17, , , 
2019/8/31, , 20, , , 
2019/9/1, , 19, , , 
2019/9/2, , 20, , , 
2019/9/3, , 16, , , 
2019/9/4, , 17, , , 
2019/9/5, , 15, , , 
2019/9/6, , 12, , , 
2019/9/7, , 17, , , 
2019/9/8, , 20, , , 
2019/9/9, , 20, , , 
2019/9/10, , 18, , , 
2019/9/11, , 19, , , 
2019/9/12, , 20, , , 
2019/9/13, , 24, , , 
2019/9/14, , 13, , , 
2019/9/15, , 14, , , 
2019/9/16, , 12, , , 
2019/9/17, , 18, , , 
2019/9/18, , 15, , , 
2019/9/19, , 15, , , 
2019/9/20, , 11, , , 
2019/4/7, , 15, , , 
2019/4/8, , 17, , , 
2019/4/9, , 14, , , 
2019/4/10, , 17, , , 
2019/4/11, , 23, , , 
2019/4/12, , 21, , , 
2019/4/13, , 16, , , 
2019/4/14, , 18, , , 
2019/4/15, , 11, , , 
2019/4/16, , 19, , , 
2019/4/17, , 19, , , 
2019/4/18, , 25, , , 
2019/4/19, , 21, , , 
2019/4/20, , 14, , , 
2019/4/21, , 16, , , 
2019/4/22, , 14, , , 
2019/4/23, , 18, , , 
2019/4/24, , 20, , , 
2019/4/25, , 19, , , 
2019/4/26, , 24, , , 
2019/4/27, , 16, , , 
2019/4/28, , 20, , , 
2019/4/29, , 20, , , 
2019/4/30, , 15, , , 
2019/5/1, , 21, , , 
2019/5/2, , 19, , , 
2019/5/3, , 16, , , 
2019/5/4, , 16, , , 
2019/5/5, , 17, , , 
2019/5/6, , 10, , , 
2019/5/7, , 15, , , 
2019/5/8, , 18, , , 
2019/5/9, , 19, , , 
2019/5/10, , 18, , , 
2019/5/11, , 16, , , 
2019/5/12, , 12, , , 
2019/5/13, , 10, , , 
2019/5/14, , 12, , , 
2019/5/15, , 14, , , 
2019/5/16, , 19, , , 
2019/5/17, , 23, , , 
2019/5/18, , 20, , , 
2019/5/19, , 26, , , 
2019/5/20, , 19, , , 
2019/5/21, , 17, , , 
2019/5/22, , 19, , , 
2019/5/23, , 19, , , 
2019/5/24, , 18, , , 
2019/5/25, , 21, , , 
2019/5/26, , 25, , , 
2019/5/27, , 20, , , 
2019/5/28, , 19, , , 
2019/5/29, , 18, , , 
2019/5/30, , 16, , , 
2019/5/31, , 16, , , 
2019/6/1, , 20, , , 
2019/6/2, , 20, , , 
2019/6/3, , 17, , , 
2019/6/4, , 18, , , 
2019/6/5, , 21, , , 
2019/6/7, , 21, , , 
2019/6/8, , 19, , , 
2019/6/9, , 19, , , 
2019/6/10, , 14, , , 
2019/6/11, , 11, , , 
2019/6/12, , 17, , , 
2019/6/13, , 17, , , 
2019/6/14, , 17, , , 
2019/6/15, , 15, , , 
2019/6/16, , 21, , , 
2019/6/17, , 19, , , 
2019/6/18, , 19, , , 
2019/6/19, , 16, , , 
2019/6/20, , 12, , , 
2019/6/21, , 18, , , 
2019/6/22, , 18, , , 
2019/6/23, , 16, , , 
2019/6/24, , 19, , , 
2019/6/25, , 16, , , 
2019/6/26, , 18, , , 
2019/6/27, , 24, , , 
2019/6/28, , 28, , , 
2019/6/29, , 22, , , 
2019/6/30, , 23, , , 
2019/7/1, , 20, , , 
2019/1/1, , 12, 1, , 
2018/10/17, , 12, 1, , 
2018/10/18, , 12, 1, , 
2018/10/19, , 14, 2, , 
2018/11/6, , 7, 2, , 
2018/4/8, , 20, , , 
2017/11/23, , 11, , , 
2017/9/10, , 8, , , 
2016/6/21, , 18, 2, , 
2016/1/3, , 13, 6, , 
2015/1/1, , 14, 3, , 
2014/6/12, , 11, 1, , 
2020/3/2, , , 4, , 
2020/3/3, , , 3, , 
2020/2/2, , , 2, , 
2020/2/3, , , 2, , 
2020/2/4, , , 4, , 
2020/2/5, , , 3, , 
2020/2/6, , , 2, , 
2020/2/7, , , 5, , 
2020/2/8, , , 1, , 
2020/2/9, , , 3, , 
2020/2/10, , , 3, , 
2020/2/11, , , 4, , 
2020/2/12, , , 5, , 
2020/2/13, , , 1, , 
2020/2/14, , , 2, , 
2020/2/15, , , 2, , 
2020/2/16, , , 2, , 
2020/2/17, , , 4, , 
2020/2/18, , , 2, , 
2020/2/19, , , 5, , 
2020/2/20, , , 3, , 
2020/2/21, , , 4, , 
2020/2/22, , , 3, , 
2020/2/23, , , 6, , 
2020/2/24, , , 5, , 
2020/2/25, , , 5, , 
2020/2/26, , , 3, , 
2020/3/1, , , 2, , 
2020/1/8, , , 4, , 
2020/1/9, , , 4, , 
2020/1/10, , , 4, , 
2020/1/11, , , 5, , 
2020/1/12, , , 1, , 
2020/1/13, , , 2, , 
2020/1/14, , , 4, , 
2020/1/15, , , 3, , 
2020/1/16, , , 3, , 
2020/1/17, , , 2, , 
2020/1/18, , , 2, , 
2020/1/19, , , 2, , 
2020/1/20, , , 1, , 
2020/1/21, , , 1, , 
2020/1/22, , , 2, , 
2020/1/23, , , 4, , 
2020/1/24, , , 7, , 
2020/1/25, , , 1, , 
2020/1/26, , , 2, , 
2020/1/27, , , 2, , 
2020/1/28, , , 4, , 
2020/1/29, , , 4, , 
2020/1/30, , , 7, , 
2020/1/31, , , 6, , 
2020/2/1, , , 5, , 
2020/1/2, , , , , 
2020/1/3, , , , , 
2020/1/4, , , , , 
2020/1/5, , , , , 
2020/1/6, , , , , 
2020/1/7, , , , , 
2019/11/8, , , , , 
2019/11/9, , , , , 
2019/11/10, , , , , 
2019/11/11, , , , , 
2019/11/12, , , , , 
2019/11/13, , , , , 
2019/11/14, , , , , 
2019/11/15, , , , , 
2019/11/16, , , , , 
2019/11/17, , , , , 
2019/11/18, , , , , 
2019/11/19, , , , , 
2019/11/20, , , , , 
2019/11/21, , , , , 
2019/11/22, , , , , 
2019/11/23, , , , , 
2019/11/24, , , , , 
2019/11/25, , , , , 
2019/11/26, , , , , 
2019/11/27, , , , , 
2019/11/28, , , , , 
2019/11/29, , , , , 
2019/11/30, , , , , 
2019/12/1, , , , , 
2019/12/2, , , , , 
2019/12/3, , , , , 
2019/12/4, , , , , 
2019/12/5, , , , , 
2019/12/6, , , , , 
2019/12/7, , , , , 
2019/12/8, , , , , 
2019/12/9, , , , , 
2019/12/10, , , , , 
2019/12/11, , , , , 
2019/12/12, , , , , 
2019/12/13, , , , , 
2019/12/14, , , , , 
2019/12/15, , , , , 
2019/12/16, , , , , 
2019/12/17, , , , , 
2019/12/18, , , , , 
2019/12/19, , , , , 
2019/12/20, , , , , 
2019/12/21, , , , , 
2019/12/22, , , , , 
2019/12/23, , , , , 
2019/12/24, , , , , 
2019/12/25, , , , , 
2019/12/26, , , , , 
2019/12/27, , , , , 
2019/12/28, , , , , 
2019/12/29, , , , , 
2019/8/22, , , , , 
2019/9/28, , , , , 
2019/9/29, , , , , 
2019/9/30, , , , , 
2019/6/6, , , , , 
2019/11/6, , , , , 
2019/11/7, , , , , 
2019/4/6, , , , , 